Region,Read,PB_148B_RelativeFreq,PB_148B_Count,PB_148B2_RelativeFreq,PB_148B2_Count,Ill_148B_RelativeFreq,Ill_148B_Count,Ill_148B2_RelativeFreq,Ill_148B2_Count
V1,GIAYENGGAQPLKH,49.905698,35457,NA,NA,45.85319,1924,0.11767,6
V1,GIASDGGAIKH,32.977705,23430,100.00000,7744,37.41659,1570,98.64679,5030
V1,GIASDGGAQPLKH,6.201441,4406,NA,NA,7.29266,306,0.11767,6
V1,GIASEKNGGAQPLKH,3.631348,2580,NA,NA,3.74166,157,NA,NA
V1,GIASETGGAQPLKH,2.578538,1832,NA,NA,2.26406,95,NA,NA
V1,GIASEDGSAGNLKH,1.254082,891,NA,NA,1.31077,55,0.33340,17
V1,GIAYETGGAGALKH,1.207634,858,NA,NA,1.16778,49,NA,NA
V1,GIASEDGGAIKH,0.332170,236,NA,NA,0.30982,13,NA,NA
V1,GIAS*NGGANPQA,0.244905,174,NA,NA,NA,NA,NA,NA
V1,GIASDGGALKH,0.173122,123,NA,NA,0.16683,7,NA,NA
V1,GIASETGGAGALKH,0.161862,115,NA,NA,0.30982,13,NA,NA
V1,GIAS*NGGAQPSS,0.135120,96,NA,NA,NA,NA,NA,NA
V1,GIAS*NGGAQPLKH,0.133712,95,NA,NA,NA,NA,NA,NA
V1,GIASEKNGGAIKH,0.130897,93,NA,NA,0.16683,7,0.13728,7
V1,GIAYEWWRPPSS,0.118230,84,NA,NA,NA,NA,NA,NA
V1,GIAYEWWRHPQA,0.087265,62,NA,NA,NA,NA,NA,NA
V1,GIASEKMVAPNPSS,0.074597,53,NA,NA,NA,NA,NA,NA
V1,GIAYETGGAGPLKH,0.070375,50,NA,NA,NA,NA,NA,NA
V1,GIASENGGAQPLKH,0.067560,48,NA,NA,NA,NA,NA,NA
V1,GIAYDGGAHPQA,0.063337,45,NA,NA,NA,NA,NA,NA
V1,GIASEDGGAQPLKH,0.050670,36,NA,NA,NA,NA,NA,NA
V1,GIAYEMVAPNPQA,0.035187,25,NA,NA,NA,NA,NA,NA
V1,GIAYDGGAQPLKH,0.033780,24,NA,NA,NA,NA,NA,NA
V1,GIAYEKMVAPNPSS,0.033780,24,NA,NA,NA,NA,NA,NA
V1,GIAYENGGAGALKH,0.032372,23,NA,NA,NA,NA,NA,NA
V1,GIASDGGAHPQA,0.026742,19,NA,NA,NA,NA,NA,NA
V1,GIASDGGATLKH,0.023927,17,NA,NA,NA,NA,NA,NA
V1,GIAS*KWWRPTPQA,0.019705,14,NA,NA,NA,NA,NA,NA
V1,GIAS*KW*APKPSS,0.018297,13,NA,NA,NA,NA,NA,NA
V1,GIASETGGAIKH,0.018297,13,NA,NA,NA,NA,0.25495,13
V1,GIAS*KWWRPTLKH,0.016890,12,NA,NA,NA,NA,NA,NA
V1,GIASDGGAQPIKH,0.016890,12,NA,NA,NA,NA,NA,NA
V1,GIASEDGSARNPQA,0.016890,12,NA,NA,NA,NA,NA,NA
V1,GIAYEMVAPTLKH,0.016890,12,NA,NA,NA,NA,NA,NA
V1,GIASEMVAPTLKH,0.015482,11,NA,NA,NA,NA,NA,NA
V1,GIAYRNGGANPQA,0.015482,11,NA,NA,NA,NA,NA,NA
V1,GIASEMVAPNPQA,0.014075,10,NA,NA,NA,NA,NA,NA
V1,GIASEDGRRRNPQA,0.012667,9,NA,NA,NA,NA,NA,NA
V1,GIAYETGGAQPLKH,0.012667,9,NA,NA,NA,NA,NA,NA
V1,GIAYEWWRPTPQA,0.011260,8,NA,NA,NA,NA,NA,NA
V1,GIAYENGGARSPQA,0.008445,6,NA,NA,NA,NA,NA,NA
V1,GIASEKNGGAQPIKH,NA,NA,NA,NA,NA,NA,0.11767,6
V1,GIAYENGGAIKH,NA,NA,NA,NA,NA,NA,0.27456,14
V2,WEGKSNTGAPAAGVTPSKYGLG,50.885317,36153,NA,NA,50.06458,1938,NA,NA
V2,WEGKDSQGAPAAGVTPSKYGLG,22.069587,15680,NA,NA,21.33816,826,NA,NA
V2,WEGKDSQGKAPAAGVTPSKYGLG,10.011541,7113,NA,NA,10.74658,416,NA,NA
V2,WEGKPNGNVPAGVTPSKYGLG,3.520155,2501,NA,NA,3.95247,153,0.49725,19
V2,WEGKDSQGKAPAGTPSKYGLG,3.297771,2343,38.27479,2964,3.82330,148,42.24025,1614
V2,WEGKDSKGVVQAGANHSKYGLG,2.867076,2037,0.12913,10,3.09997,120,0.20937,8
V2,WEGKDSQGKAPAGVTPSKYGLG,1.292084,918,NA,NA,1.49832,58,NA,NA
V2,WEGKDSQGAARAGVTPSKYGLG,1.124592,799,NA,NA,1.11082,43,NA,NA
V2,WEGKPNGNVPAAGVTPSKYGLG,1.099257,781,NA,NA,0.85249,33,NA,NA
V2,WEGKDSKGVVQAGVTPSKYGLG,0.622115,442,NA,NA,0.85249,33,NA,NA
V2,WEGKDSKGKAPAGANHSKYGLG,0.471512,335,NA,NA,0.41333,16,NA,NA
V2,WEGKDSKGAPAAGVTPSKYGLG,0.470105,334,NA,NA,0.20666,8,NA,NA
V2,WEGKSNTGAARAGVTPSKYGLG,0.378617,269,NA,NA,0.49083,19,NA,NA
V2,WEGKDSQGVVQAGVTPSKYGLG,0.316687,225,NA,NA,0.41333,16,NA,NA
V2,WEGKDSQGKAPASMDW,0.296982,211,NA,NA,0.59416,23,NA,NA
V2,WEGKDSKGVVPAGVTPSKYGLG,0.263202,187,NA,NA,0.41333,16,NA,NA
V2,WEGKVQSRAPQQQE*PPASMDW,0.178752,127,NA,NA,NA,NA,NA,NA
V2,WEGKPNGKAPAAGVTPSKYGLG,0.099932,71,NA,NA,NA,NA,NA,NA
V2,WEGKYSHGRPSSRSNPQQVWIG,0.068967,49,NA,NA,NA,NA,NA,NA
V2,WEGKSNTGAPAAGANHSKYGLG,0.064745,46,NA,NA,NA,NA,NA,NA
V2,WEGKSNTGAPAGTPSKYGLG,0.039410,28,1.82076,141,0.12917,5,3.55928,136
V2,WEGKVQSGRPSSRSNPQQVWIG,0.035187,25,NA,NA,NA,NA,NA,NA
V2,WEGKSSHGRPSSRSNPQQVWIG,0.033780,24,NA,NA,NA,NA,NA,NA
V2,WEGKVQSRARPQQQE*PPASMDW,0.033780,24,NA,NA,NA,NA,NA,NA
V2,WEGKYKSGRPSSRSNPQQVWIG,0.033780,24,NA,NA,NA,NA,NA,NA
V2,WEGKINHGRPSSRSNPQQVWIG,0.029557,21,NA,NA,NA,NA,NA,NA
V2,WEGKVNSQGAPAAGVTPSKYGLG,0.028150,20,NA,NA,NA,NA,NA,NA
V2,WEGKSNTATSQQQE*PPASMDW,0.026742,19,NA,NA,NA,NA,NA,NA
V2,WEGKSNTGAPAGVTPSKYGLG,0.025335,18,NA,NA,NA,NA,NA,NA
V2,WEGKPNGNVPAGGTPSKYGLG,0.023927,17,NA,NA,NA,NA,NA,NA
V2,WEGKVQVTGAPAAGVTPSKYGLG,0.022520,16,NA,NA,NA,NA,NA,NA
V2,WEGKDSQGRPQQQE*PPASMDW,0.021112,15,NA,NA,NA,NA,NA,NA
V2,WEGKVNSHGRPSSRSNPQQVWIG,0.021112,15,NA,NA,NA,NA,NA,NA
V2,WEGKVKSRAPQQQE*PPASMDW,0.019705,14,NA,NA,NA,NA,NA,NA
V2,WEGKVKSGRPSSRSNPQQVWIG,0.018297,13,NA,NA,NA,NA,NA,NA
V2,WEGKSNTARPSSRSNPQQVWIG,0.016890,12,NA,NA,NA,NA,NA,NA
V2,WEGKVTVRAPQQQE*PPASMDW,0.015482,11,NA,NA,NA,NA,NA,NA
V2,WEGKDSHGQGPSSRSNPQQVWIG,0.014075,10,NA,NA,NA,NA,NA,NA
V2,WEGKSNQGAPAAGVTPSKYGLG,0.014075,10,NA,NA,NA,NA,NA,NA
V2,WEGKDSHGRPSSRSNPQQVWIG,0.012667,9,NA,NA,NA,NA,NA,NA
V2,WEGKVNHGQAPAAGVTPSKYGLG,0.012667,9,NA,NA,NA,NA,NA,NA
V2,WEGKYNTGKAPAAGVTPSKYGLG,0.012667,9,NA,NA,NA,NA,NA,NA
V2,WEGKIKSRAAPAAGVTPSKYGLG,0.011260,8,NA,NA,NA,NA,NA,NA
V2,WEGKPNGNVQAGANHSKYGLG,0.011260,8,NA,NA,NA,NA,NA,NA
V2,WEGKVKHGNVPAAGVTPSKYGLG,0.011260,8,NA,NA,NA,NA,NA,NA
V2,WEGKYNHGRPSSRSNPQQVWIG,0.011260,8,NA,NA,NA,NA,NA,NA
V2,WEGKDSQGRPQQE*PPASMDW,0.009852,7,NA,NA,NA,NA,NA,NA
V2,WEGKSNTGNVPAAGVTPSKYGLG,0.009852,7,NA,NA,NA,NA,NA,NA
V2,WEGKSNTGRPQQQE*PPASMDW,0.008445,6,NA,NA,NA,NA,NA,NA
V2,WEGKSTVRARPQQQE*PPASMDW,0.008445,6,NA,NA,NA,NA,NA,NA
V2,WEGKVQVRAPQQQE*PPASMDW,0.008445,6,NA,NA,NA,NA,NA,NA
V2,WEGK*QSGQAPAAGTPSKYGLG,NA,NA,0.43905,34,NA,NA,NA,NA
V2,WEGKDKSRAGPSRNSQQVWIG,NA,NA,0.28409,22,NA,NA,NA,NA
V2,WEGKDKSRAGPSSRNSQQVWIG,NA,NA,0.15496,12,NA,NA,NA,NA
V2,WEGKDSKAPAGTPSKYGLG,NA,NA,NA,NA,NA,NA,0.41874,16
V2,WEGKDSKGAARAGTPSKYGLG,NA,NA,NA,NA,NA,NA,0.18320,7
V2,WEGKDSKGVVQAGTPSKYGLG,NA,NA,0.24535,19,NA,NA,0.78513,30
V2,WEGKDSQGKAPAAGTPSKYGLG,NA,NA,NA,NA,NA,NA,0.36640,14
V2,WEGKDSQGKAPAGTPSKYGL,NA,NA,NA,NA,NA,NA,0.13086,5
V2,WEGKIKSRAGPAAGTPSKYGLG,NA,NA,0.28409,22,NA,NA,NA,NA
V2,WEGKLKRATSQQELPASMDW,NA,NA,0.10331,8,NA,NA,NA,NA
V2,WEGKPNGAARAGTPSKYGLG,NA,NA,0.10331,8,NA,NA,NA,NA
V2,WEGKPNGKAPAGTPSKYGLG,NA,NA,0.27118,21,NA,NA,0.75896,29
V2,WEGKPNGNVPAAGTPSKYGLG,NA,NA,0.18079,14,NA,NA,0.47108,18
V2,WEGKPNGNVPAGTPSKYGLG,NA,NA,0.59401,46,NA,NA,1.57027,60
V2,WEGKSNTGAAPAGTPSKYGLG,NA,NA,NA,NA,NA,NA,0.15703,6
V2,WEGKSNTGAARAGTPSKYGLG,NA,NA,9.58161,742,NA,NA,11.51531,440
V2,WEGKSNTGAASSRNSQQVWIG,NA,NA,1.48502,115,NA,NA,NA,NA
V2,WEGKSNTGAPAAGTPSKYGLG,NA,NA,35.44680,2745,NA,NA,36.79665,1406
V2,WEGKSNTGARAGTPSKYGLG,NA,NA,NA,NA,NA,NA,0.34023,13
V2,WEGKSNTGKAPAAGTPSKYGLG,NA,NA,0.29700,23,NA,NA,NA,NA
V2,WEGKSNTGKAQQQELPASMDW,NA,NA,0.11622,9,NA,NA,NA,NA
V2,WEGKSNTGRPQQQELPASMDW,NA,NA,0.80062,62,NA,NA,NA,NA
V2,WEGKSNTGSRPSRNSQQVWIG,NA,NA,0.37448,29,NA,NA,NA,NA
V2,WEGKSQSGQGPSSRNSQQVWIG,NA,NA,0.68440,53,NA,NA,NA,NA
V2,WEGKSSHGQAPAAGTPSKYGLG,NA,NA,0.23244,18,NA,NA,NA,NA
V2,WEGKSTSGQAPAAGTPSKYGLG,NA,NA,0.07748,6,NA,NA,NA,NA
V2,WEGKSTVRAGPSSRNSQQVWIG,NA,NA,0.23244,18,NA,NA,NA,NA
V2,WEGKSTVRARPQQELPASMDW,NA,NA,0.21952,17,NA,NA,NA,NA
V2,WEGKTSHGQPQQQELPASMDW,NA,NA,0.19370,15,NA,NA,NA,NA
V2,WEGKVKHGQAPSRNSQQVWIG,NA,NA,0.49070,38,NA,NA,NA,NA
V2,WEGKVKHGQPQQQELPASMDW,NA,NA,0.25826,20,NA,NA,NA,NA
V2,WEGKVKSRAGPEQELPASMDW,NA,NA,0.18079,14,NA,NA,NA,NA
V2,WEGKVKVTGKAPAAGTPSKYGLG,NA,NA,0.27118,21,NA,NA,NA,NA
V2,WEGKVNSQGRPQQQELPASMDW,NA,NA,0.33574,26,NA,NA,NA,NA
V2,WEGKVNTGRPQQQELPASMDW,NA,NA,0.33574,26,NA,NA,NA,NA
V2,WEGKVQSGQGPSSRNSQQVWIG,NA,NA,0.45196,35,NA,NA,NA,NA
V2,WEGKVQSRAGPSSRNSQQVWIG,NA,NA,0.49070,38,NA,NA,NA,NA
V2,WEGKVQSRARPPAGTPSKYGLG,NA,NA,0.64566,50,NA,NA,NA,NA
V2,WEGKVQSRARPQQELPASMDW,NA,NA,1.18802,92,NA,NA,NA,NA
V2,WEGKVQSRARPQQQELPASMDW,NA,NA,1.52376,118,NA,NA,NA,NA
V2,WEGKVQVTGRPQQQELPASMDW,NA,NA,0.32283,25,NA,NA,NA,NA
V2,WEGKVTVRARPPSRNSQQVWIG,NA,NA,0.37448,29,NA,NA,NA,NA
V2,WEGKVTVRARPQQQELPASMDW,NA,NA,0.15496,12,NA,NA,NA,NA
V2,WEGKYNHGQAPAAGTPSKYGLG,NA,NA,0.20661,16,NA,NA,NA,NA
V2,WEGKYSHGQGPSSRNSQQVWIG,NA,NA,0.14205,11,NA,NA,NA,NA
V3,TLSSGYAQAAGAPAND,16.799910,11936,NA,NA,20.01576,1016,NA,NA
V3,TLSSGYAQAAAAAVNND,15.652798,11121,NA,NA,18.43972,936,NA,NA
V3,TLSSGYAQAAGAAVPAAADD,13.720302,9748,NA,NA,8.17573,415,NA,NA
V3,TLSSGYAQAAGAAVNND,12.232575,8691,NA,NA,14.12530,717,NA,NA
V3,TLSSGYATARAGAAVNND,7.151503,5081,NA,NA,7.93932,403,NA,NA
V3,TLSSGYAQAARAAVNND,6.820741,4846,NA,NA,7.72262,392,NA,NA
V3,TLSSGYAQAAGAAAHND,2.275926,1617,NA,NA,2.24586,114,NA,NA
V3,TLSSGYAQAAGAAAQLPAVAPAND,2.168956,1541,NA,NA,1.63515,83,NA,NA
V3,TLSSGYAQAAGAAADD,1.314604,934,NA,NA,1.26084,64,NA,NA
V3,TLSSGYAQAPAAVNND,1.235784,878,NA,NA,1.53664,78,NA,NA
V3,TLSSGYAQAAAAAADD,1.071107,761,NA,NA,0.39401,20,NA,NA
V3,TLSSGYAQAAGAAAAAAVNND,1.014807,721,NA,NA,0.78802,40,NA,NA
V3,TLSSGYATARAGAPAND,0.951469,676,NA,NA,0.86682,44,NA,NA
V3,TLSSGYAQAARAPAND,0.883909,628,NA,NA,0.76832,39,NA,NA
V3,TLSSGYAQAAGAPANND,0.861389,612,NA,NA,0.78802,40,NA,NA
V3,TLSSGYATAGAAVNND,0.816350,580,NA,NA,0.90623,46,NA,NA
V3,TLSSGYAQAARALPAAAAAAAVNND,0.776940,552,NA,NA,0.39401,20,NA,NA
V3,TLSSGYAQAAGAPAN,0.753012,535,NA,NA,1.31994,67,NA,NA
V3,TLSSGYAQAAGAAAAADD,0.665747,473,NA,NA,0.17730,9,NA,NA
V3,TLSGDYARAGAAVNND,0.643227,457,NA,NA,0.63042,32,NA,NA
V3,TLSSGYAQAAGAPANNA,0.592557,421,0.18079,14,0.61072,31,NA,NA
V3,TLSSGYATARAGAAAHND,0.561592,399,NA,NA,0.65012,33,NA,NA
V3,TLSSGYATAPAAADD,0.540480,384,NA,NA,0.31521,16,NA,NA
V3,TLSSGYAQAARARAVAPAND,0.484180,344,NA,NA,0.59102,30,NA,NA
V3,TLSSGYAQAAGAAAGVPALPGAAAHND,0.463067,329,NA,NA,0.21671,11,NA,NA
V3,TLSGDYARAAAAVNND,0.419435,298,NA,NA,0.59102,30,NA,NA
V3,TLSSGYATARAGAAVPAAADD,0.409582,291,NA,NA,0.25611,13,NA,NA
V3,TLSSGYAQAAPAAVNND,0.406767,289,NA,NA,0.70922,36,NA,NA
V3,TLSSGYAQAARAQLPAVAPAND,0.405360,288,NA,NA,0.39401,20,NA,NA
V3,TLSGGYATARAGAAVNND,0.403952,287,NA,NA,0.59102,30,NA,NA
V3,TLSSGYAQAAAAAAAAAVNND,0.394100,280,NA,NA,0.23641,12,NA,NA
V3,TLSSGYAQAAGAAAGVPALPGAAVNND,0.351875,250,NA,NA,0.27581,14,NA,NA
V3,TLSSGYATAGAAVPAAADD,0.350467,249,NA,NA,0.25611,13,NA,NA
V3,TLSSGYAQAARAAVPAAADD,0.347652,247,NA,NA,0.09850,5,NA,NA
V3,TLSSDYARAAVNND,0.326540,232,NA,NA,0.47281,24,NA,NA
V3,TLSSGYAQAAQPPAN,0.316687,225,NA,NA,0.53191,27,NA,NA
V3,TLSSGYAQAARALPAAVAPAND,0.287130,204,NA,NA,0.19701,10,NA,NA
V3,TLSSGYAQAAGAAAGVPPGAPANNA,0.266017,189,NA,NA,0.15760,8,NA,NA
V3,TLSSGYATARAGAD,0.253350,180,NA,NA,0.31521,16,NA,NA
V3,TLSSGYAQAAAADD,0.236460,168,NA,NA,0.13790,7,NA,NA
V3,TLSGDYAQAAGAAVPAAADD,0.232237,165,NA,NA,0.11820,6,NA,NA
V3,TLSSGYAQAAGAPAQPPAD,0.226607,161,NA,NA,0.21671,11,NA,NA
V3,TLSSGYATARAAVNND,0.195642,139,NA,NA,0.25611,13,NA,NA
V3,TLSSGYAQAAVAPAND,0.177345,126,NA,NA,0.15760,8,NA,NA
V3,TLSSGYAQAARARPPAPANNA,0.166085,118,NA,NA,0.17730,9,NA,NA
V3,TLSSGYAQAARALPAAPAND,0.159047,113,NA,NA,0.13790,7,NA,NA
V3,TLSSGYAQPPAN,0.140750,100,NA,NA,0.15760,8,NA,NA
V3,TLSSGYAQAAGAAAGVPAQPPAD,0.139342,99,NA,NA,0.17730,9,NA,NA
V3,TLSSGYATAPAND,0.139342,99,NA,NA,0.19701,10,NA,NA
V3,TLSSGYATAQAAGAAVPAAADD,0.136527,97,NA,NA,NA,NA,NA,NA
V3,TLSSGYAQAAGAAAAVNND,0.123860,88,NA,NA,0.11820,6,NA,NA
V3,TLSSGYAQAAGSPSHN*,0.119637,85,NA,NA,NA,NA,NA,NA
V3,TLSSGYAQAARARPPAPAND,0.116822,83,NA,NA,0.13790,7,NA,NA
V3,TLSSGYATAEPEPQSTT,0.116822,83,NA,NA,NA,NA,NA,NA
V3,TLSSGYATALPAAPAND,0.112600,80,NA,NA,0.09850,5,NA,NA
V3,TLSSGYARARAGAAVNND,0.099932,71,NA,NA,0.09850,5,NA,NA
V3,TLSSGYAQAARSRSQQR,0.092895,66,NA,NA,NA,NA,NA,NA
V3,TLSSGYAQAAAAAAAVNND,0.091487,65,NA,NA,NA,NA,NA,NA
V3,TLSSGYAQAAGAPVTTD,0.088672,63,NA,NA,NA,NA,NA,NA
V3,TLSSGYAQAAGAVPPARVD,0.084450,60,NA,NA,NA,NA,NA,NA
V3,TLSSGYAQAAGAAAGVPAVAPAND,0.083042,59,NA,NA,NA,NA,NA,NA
V3,TLSSGYAQAAGSRSQQR,0.077412,55,NA,NA,NA,NA,NA,NA
V3,TLSSGYAQAAGAAADN,0.074597,53,NA,NA,NA,NA,NA,NA
V3,TLSSGYATAAAAAAVNND,0.059115,42,NA,NA,0.11820,6,NA,NA
V3,TLSSGYATARALPAAAAAAAVNND,0.057707,41,NA,NA,NA,NA,NA,NA
V3,TLSSGYAQAAGAAVHND,0.056300,40,NA,NA,NA,NA,NA,NA
V3,TLSSGYAQAAGAPVTT,0.052077,37,NA,NA,NA,NA,NA,NA
V3,TLSSGYAQAAGAAVTT,0.049262,35,NA,NA,NA,NA,NA,NA
V3,TLSSGYAQAAVPPAND,0.049262,35,NA,NA,NA,NA,NA,NA
V3,TLSSGYAQAAGAAVPAQPT,0.046447,33,NA,NA,NA,NA,NA,NA
V3,TLSSGYAQAAGAAVPAAVNND,0.043632,31,NA,NA,0.09850,5,NA,NA
V3,TLSSGYAQAARSPSHND,0.043632,31,NA,NA,NA,NA,NA,NA
V3,TLSSGYAQAAEPQSTT,0.040817,29,NA,NA,NA,NA,NA,NA
V3,TLSSGYAQAAAAAAAAAADD,0.038002,27,NA,NA,NA,NA,NA,NA
V3,TLSSGYAQAARAQPPAN,0.032372,23,NA,NA,NA,NA,NA,NA
V3,TLSSGYAQAAGARSQQR,0.030965,22,NA,NA,NA,NA,NA,NA
V3,TLSSGYATARAAAAVNND,0.030965,22,NA,NA,NA,NA,NA,NA
V3,TLSGDYARAGAD,0.029557,21,NA,NA,NA,NA,NA,NA
V3,TLSSGYAQAAGAPAQL,0.029557,21,NA,NA,NA,NA,NA,NA
V3,TLSSGYAQAAGSRSHND,0.029557,21,NA,NA,NA,NA,NA,NA
V3,TLSSGYAQAAGAAVPASDD,0.026742,19,NA,NA,NA,NA,NA,NA
V3,TLSSGYAQAPAPANND,0.026742,19,NA,NA,NA,NA,NA,NA
V3,TLSSGYAQAAEPEP*PQPM,0.025335,18,NA,NA,NA,NA,NA,NA
V3,TLSSGYAQAAGAPSPAD,0.025335,18,NA,NA,NA,NA,NA,NA
V3,TLSSGYAQAAAAAAAADD,0.022520,16,NA,NA,NA,NA,NA,NA
V3,TLSSGYAQAAGAAVPPSRR,0.022520,16,NA,NA,NA,NA,NA,NA
V3,TLSSGYAQAARSPVTTD,0.022520,16,NA,NA,NA,NA,NA,NA
V3,TLSSGYAQAAGAAVPAPAN,0.021112,15,NA,NA,NA,NA,NA,NA
V3,TLSSGYAQAARAQPPAND,0.021112,15,NA,NA,NA,NA,NA,NA
V3,TLSSGYATAGAPAND,0.021112,15,NA,NA,NA,NA,NA,NA
V3,TLSSGYATAKQPEPQCQPQPT,0.019705,14,NA,NA,NA,NA,NA,NA
V3,TLSSGYAQAAGAQCQPSH*,0.018297,13,NA,NA,NA,NA,NA,NA
V3,TLSSGYAQAAGAAVPAQPTD,0.016890,12,NA,NA,NA,NA,NA,NA
V3,TLSSGYAQAAGSPAD*,0.016890,12,NA,NA,NA,NA,NA,NA
V3,TLSRRLCHSRAGAAVNND,0.015482,11,NA,NA,NA,NA,NA,NA
V3,TLSSGYAKQPEPQSTT,0.015482,11,NA,NA,NA,NA,NA,NA
V3,TLSSGYAQAAGSPVTT,0.015482,11,NA,NA,NA,NA,NA,NA
V3,TLSSGYATAEPEPQCQPQPT,0.015482,11,NA,NA,NA,NA,NA,NA
V3,TLSSGYAQAAGAAAQPT,0.014075,10,NA,NA,NA,NA,NA,NA
V3,TLSSGYAQAARSRSPQR,0.014075,10,NA,NA,NA,NA,NA,NA
V3,TLSSGYATAEPQPQSTT,0.014075,10,NA,NA,NA,NA,NA,NA
V3,TLSSGYATSPSRSPSHN*,0.014075,10,NA,NA,NA,NA,NA,NA
V3,TLSSGYAQAAGAPQPTD,0.012667,9,NA,NA,NA,NA,NA,NA
V3,TLSSGYAQAAGSPSHND,0.012667,9,NA,NA,NA,NA,NA,NA
V3,TLSSGYAQAAGSRSASRSRR,0.012667,9,NA,NA,NA,NA,NA,NA
V3,TLSSGYAQAARADPSPAM,0.012667,9,NA,NA,NA,NA,NA,NA
V3,TLSSGYAQAAAAAVT,0.011260,8,NA,NA,NA,NA,NA,NA
V3,TLSSGYAQAAGAAVQPQPT,0.011260,8,NA,NA,NA,NA,NA,NA
V3,TLSSGYAQAAGAAVQRSDD,0.011260,8,NA,NA,NA,NA,NA,NA
V3,TLSSGYAQAARSRSAAQDD,0.011260,8,NA,NA,NA,NA,NA,NA
V3,TLSSGYATAEPEPQSTM,0.011260,8,NA,NA,NA,NA,NA,NA
V3,TLSSDYARAGAAVNND,0.009852,7,NA,NA,NA,NA,NA,NA
V3,TLSSGYAQAAQPQSTT,0.009852,7,NA,NA,NA,NA,NA,NA
V3,TLSSGYAQAARSRSAAAAT,0.009852,7,NA,NA,NA,NA,NA,NA
V3,TLSSGYAQASRSRSPTT,0.009852,7,NA,NA,NA,NA,NA,NA
V3,TLSSGYATARAGAQSQR,0.009852,7,NA,NA,NA,NA,NA,NA
V3,TLSSDYARAGAPAND,0.008445,6,NA,NA,NA,NA,NA,NA
V3,TLSSGYAAAGAAVNND,0.008445,6,NA,NA,NA,NA,NA,NA
V3,TLSSGYAQAAAAPVTT,0.008445,6,NA,NA,NA,NA,NA,NA
V3,TLSSGYAQAAGAAAE*,0.008445,6,NA,NA,NA,NA,NA,NA
V3,TLSSGYAQAAGAAVPQPR,0.008445,6,NA,NA,NA,NA,NA,NA
V3,TLSSGYAQAAGAAVTTD,0.008445,6,NA,NA,NA,NA,NA,NA
V3,TLSSGYAQAAGAPAHK,0.008445,6,NA,NA,NA,NA,NA,NA
V3,TLSSGYAQAAGAPVPAND,0.008445,6,NA,NA,NA,NA,NA,NA
V3,TLSSGYAQAARSPSHN*,0.008445,6,NA,NA,NA,NA,NA,NA
V3,TAV*AAMPQPSRSQQR,NA,NA,0.10331,8,NA,NA,NA,NA
V3,TLSGDYARAGANNA,NA,NA,0.37448,29,NA,NA,1.68398,94
V3,TLSGDYARAPAPANNA,NA,NA,NA,NA,NA,NA,0.12540,7
V3,TLSGDYATARAGANNA,NA,NA,NA,NA,NA,NA,0.12540,7
V3,TLSGGLCPRAGANNA,NA,NA,0.07748,6,NA,NA,NA,NA
V3,TLSGGYAAAAAAVNNA,NA,NA,0.30992,24,NA,NA,0.28664,16
V3,TLSGGYAAAAAAVNND,NA,NA,NA,NA,NA,NA,0.30455,17
V3,TLSGGYAPAQPPAN,NA,NA,NA,NA,NA,NA,0.12540,7
V3,TLSGGYAPAQPPANNA,NA,NA,NA,NA,NA,NA,0.17915,10
V3,TLSGGYAQAAGAAAGANNA,NA,NA,0.86519,67,NA,NA,1.45109,81
V3,TLSGGYAQAAGANNA,NA,NA,0.50362,39,NA,NA,0.50161,28
V3,TLSGGYARAGANNA,NA,NA,NA,NA,NA,NA,0.08957,5
V3,TLSGGYATAAAAVNNA,NA,NA,NA,NA,NA,NA,0.08957,5
V3,TLSGGYATAPAAANNA,NA,NA,NA,NA,NA,NA,0.16123,9
V3,TLSGGYATAPAAVNND,NA,NA,NA,NA,NA,NA,0.10749,6
V3,TLSGGYATAPAEPTT,NA,NA,NA,NA,NA,NA,0.16123,9
V3,TLSGGYATAPAGANNA,NA,NA,0.07748,6,NA,NA,0.25081,14
V3,TLSGGYATAPAPAND,NA,NA,NA,NA,NA,NA,0.08957,5
V3,TLSGGYATAPAPANNA,NA,NA,6.17252,478,NA,NA,7.91831,442
V3,TLSGGYATAPARANNA,NA,NA,0.33574,26,NA,NA,NA,NA
V3,TLSGGYATAPSPEPTT,NA,NA,0.21952,17,NA,NA,NA,NA
V3,TLSGGYATAPSPSQQR,NA,NA,0.20661,16,NA,NA,NA,NA
V3,TLSGGYATAPSRSQQR,NA,NA,0.45196,35,NA,NA,NA,NA
V3,TLSGGYATAQPPAN,NA,NA,0.15496,12,NA,NA,0.80616,45
V3,TLSGGYATAQPPANNA,NA,NA,NA,NA,NA,NA,0.55536,31
V3,TLSGGYATARAAVNNA,NA,NA,NA,NA,NA,NA,0.19706,11
V3,TLSGGYATARAAVNND,NA,NA,NA,NA,NA,NA,0.08957,5
V3,TLSGGYATARAGAAVPAAADA,NA,NA,NA,NA,NA,NA,0.12540,7
V3,TLSGGYATARAGAAVPAAADD,NA,NA,NA,NA,NA,NA,0.16123,9
V3,TLSGGYATARAGAN,NA,NA,NA,NA,NA,NA,0.08957,5
V3,TLSGGYATARAGANNA,NA,NA,85.92459,6654,NA,NA,78.80688,4399
V3,TLSGGYATARAGANND,NA,NA,NA,NA,NA,NA,0.10749,6
V3,TLSGGYATARAPANNA,NA,NA,NA,NA,NA,NA,0.53744,30
V3,TLSGGYATARAQLPAVAPAND,NA,NA,NA,NA,NA,NA,0.16123,9
V3,TLSGGYATARARANNA,NA,NA,0.30992,24,NA,NA,NA,NA
V3,TLSGGYATARARPPAPANNA,NA,NA,NA,NA,NA,NA,0.23289,13
V3,TLSGGYATARARSQQR,NA,NA,0.80062,62,NA,NA,NA,NA
V3,TLSGGYATARASQQR,NA,NA,NA,NA,NA,NA,0.08957,5
V3,TLSGGYATARPPAPANNA,NA,NA,0.30992,24,NA,NA,0.39412,22
V3,TLSRRLCHSPSRSQQR,NA,NA,0.09039,7,NA,NA,NA,NA
V3,TLSSGYAQAAGAAAGANNA,NA,NA,NA,NA,NA,NA,0.10749,6
V3,TLSSGYAQAAGANNA,NA,NA,1.61415,125,NA,NA,2.93802,164
V3,TLSSGYAQAARAGANNA,NA,NA,NA,NA,NA,NA,0.26872,15
V3,TLSSGYAQAEPEPTT,NA,NA,0.10331,8,NA,NA,NA,NA
V3,TLSSGYAQASRSQQR,NA,NA,0.11622,9,NA,NA,NA,NA
V3,TLSSGYARAGANNA,NA,NA,NA,NA,NA,NA,0.19706,11
V3,TLSSGYATARAGANNA,NA,NA,0.69731,54,NA,NA,0.48370,27
V4,TDVGHKKNGANGDI,66.846357,47493,0.60692,47,69.54787,6276,2.59598,213
V4,TDVGRKKDGAQGTV,13.587997,9654,0.51653,40,11.94592,1078,0.74345,61
V4,TDVGHKKNGANVNGDI,5.667999,4027,NA,NA,5.46321,493,NA,NA
V4,TDVGHKKENAANVNGDI,4.661637,3312,NA,NA,4.03369,364,0.15844,13
V4,TDVGHKKENAANGDI,3.900180,2771,98.77324,7649,3.82314,345,95.36868,7825
V4,TDVGHKKNAAPDGI,1.148519,816,NA,NA,1.05275,95,0.53626,44
V4,TDVGHKKNGAQGTV,1.003547,713,NA,NA,1.31871,119,NA,NA
V4,TDVGHKKDGAQGTV,0.950062,675,NA,NA,1.23005,111,NA,NA
V4,TDVGHKKNAANVNGDI,0.651672,463,NA,NA,0.48759,44,NA,NA
V4,TDVGQ*ERRSEGRQ*,0.334985,238,NA,NA,NA,NA,NA,NA
V4,TDVGHKKDGAHGDRR,0.233645,166,NA,NA,NA,NA,NA,NA
V4,TDVGRKKDGAQGTI,0.173122,123,0.10331,8,0.25488,23,0.31688,26
V4,TDVGHKKNGAHGDRR,0.156232,111,NA,NA,NA,NA,NA,NA
V4,TDVGRKKDGANGDI,0.128082,91,NA,NA,0.24379,22,NA,NA
V4,TDVGRKKDGAQGDI,0.101340,72,NA,NA,0.31028,28,NA,NA
V4,TDVGHKKDGAQGDI,0.080227,57,NA,NA,0.17730,16,NA,NA
V4,TDVGHKKETAANGDI,0.076005,54,NA,NA,NA,NA,NA,NA
V4,TDVGHKKNGAKWRHR,0.059115,42,NA,NA,NA,NA,NA,NA
V4,TDVGHKKEKAANGDI,0.046447,33,NA,NA,NA,NA,NA,NA
V4,TDVGHKKDGAHGTV,0.023927,17,NA,NA,NA,NA,NA,NA
V4,TDVGHKKDGAQGDRR,0.019705,14,NA,NA,NA,NA,NA,NA
V4,TDVGHKKNGAKGDSR,0.019705,14,NA,NA,NA,NA,NA,NA
V4,TDVGHKKNGAHGDI,0.018297,13,NA,NA,NA,NA,NA,NA
V4,TDVGHKKETAANVNGDI,0.016890,12,NA,NA,NA,NA,NA,NA
V4,TDVGQ*EKTERRATV,0.015482,11,NA,NA,NA,NA,NA,NA
V4,TDVGHKKNGATSMAT*,0.014075,10,NA,NA,NA,NA,NA,NA
V4,TDVGHKKENAAKWRHR,0.012667,9,NA,NA,NA,NA,NA,NA
V4,TDVGHKKENAAPDGI,0.012667,9,NA,NA,NA,NA,NA,NA
V4,TDVGRKKDGAKGDSR,0.011260,8,NA,NA,NA,NA,NA,NA
V4,TDVGHKKNGANGDL,0.009852,7,NA,NA,NA,NA,NA,NA
V4,TDVGHKKRRSAWRP*,0.009852,7,NA,NA,NA,NA,NA,NA
V4,TDVGHKKENAAKRQWRHR,0.008445,6,NA,NA,NA,NA,NA,NA
V4,TDVGHKKENAAQGTV,NA,NA,NA,NA,NA,NA,0.06094,5
V4,TDVGHKKNAANGDI,NA,NA,NA,NA,NA,NA,0.10969,9
V4,TDVGIRKTERMAT*,NA,NA,NA,NA,0.05541,5,NA,NA
V4,TDVGRKKENAANGDI,NA,NA,NA,NA,NA,NA,0.10969,9
V4,TDVGRKKNGANGDI,NA,NA,NA,NA,0.05541,5,NA,NA
V5,KASNVFQGVFLTTPMQKDDCAAYI,33.038228,23473,1.36880,106,33.43653,1404,3.80736,151
V5,KASNVFEGVFLTTPMQKDDCAAYI,14.552134,10339,NA,NA,13.88426,583,NA,NA
V5,QASNVFQGVFLTTPMQKDDCAAYI,10.692771,7597,NA,NA,10.24053,430,0.37821,15
V5,QASNVFQGVFLTDTTPMQKDDCAAYI,8.832057,6275,NA,NA,8.21624,345,NA,NA
V5,KASNVFKDVFLTTPMQKDDCAAYI,7.230323,5137,NA,NA,8.97833,377,NA,NA
V5,KASNVFKDVFLTNAMDMQKDDCAAYI,4.919210,3495,NA,NA,4.73922,199,NA,NA
V5,KASNVFQGVFLTDTTPMQKDDCAAYI,3.430075,2437,NA,NA,3.35794,141,NA,NA
V5,QASNVFQGVFLNMAMTAHDCAAYI,2.453271,1743,8.75517,678,2.52441,106,11.82552,469
V5,KASNVFKDVFLTNAMDMQTHDCAAYI,2.380081,1691,2.76343,214,2.31007,97,4.00908,159
V5,KASNVFQGVFLTNAMQKDDCAAYI,2.043689,1452,NA,NA,2.26244,95,NA,NA
V5,KASNVFQGVFLNMAMTAHDCAAYI,1.618624,1150,0.37448,29,2.04811,86,1.51286,60
V5,QASNVFQGVFLTNAMQKDDCAAYI,1.327272,943,NA,NA,1.33365,56,NA,NA
V5,KASNVFKDVFLTNATPMQKDDCAAYI,0.986657,701,NA,NA,1.00024,42,NA,NA
V5,KASNVFGGVFLTNNMQKDDCAAYI,0.879687,625,NA,NA,0.90498,38,NA,NA
V5,KASNVFEGVFLARNIAMQKDDCAAYI,0.865612,615,NA,NA,1.07168,45,NA,NA
V5,QASNVFQGVFLTNAMDMQKDDCAAYI,0.516552,367,NA,NA,0.47630,20,NA,NA
V5,QASNVFQGVFLTNNMLQHDCAAYI,0.477142,339,0.42614,33,0.47630,20,0.52950,21
V5,QASNVFQGVFLTNNMQKDDCAAYI,0.416620,296,NA,NA,0.28578,12,NA,NA
V5,KASNVFEGVFLNMAMTAHDCAAYI,0.401137,285,NA,NA,0.38104,16,NA,NA
V5,QASNVFQGVFLNMAMQKDDCAAYI,0.302612,215,NA,NA,0.23815,10,NA,NA
V5,KASNVFEGVFLTNNMQKDDCAAYI,0.237867,169,NA,NA,0.33341,14,NA,NA
V5,QASNVFEGVFLTTPMQKDDCAAYI,0.175937,125,NA,NA,0.38104,16,NA,NA
V5,QASNVFKDVFLTNAMDMQKDDCAAYI,0.147787,105,NA,NA,NA,NA,NA,NA
V5,KASNVFQGVFLTNNMLQHDCAAYI,0.140750,100,1.40754,109,0.19052,8,1.84065,73
V5,KA*LMYFRVSFSPIPHPCRRTTVLPI,0.137935,98,NA,NA,NA,NA,NA,NA
V5,KASNVFKDVFLTNATPMQTHDCAAYI,0.137935,98,NA,NA,NA,NA,NA,NA
V5,KASNVFKDVFLTNAMQKDDCAAYI,0.136527,97,NA,NA,0.16671,7,NA,NA
V5,KASNVFQGVFLTTPMQTHDCAAYI,0.101340,72,NA,NA,0.28578,12,NA,NA
V5,KASNVFEGVFLARNMAMTAHDCAAYI,0.077412,55,0.24535,19,NA,NA,0.32779,13
V5,KASNVFRGCLSHHTHAEGRLCCLY,0.073190,52,NA,NA,NA,NA,NA,NA
V5,KASNVFEGVFLTNAMDMQKDDCAAYI,0.071782,51,NA,NA,0.14289,6,NA,NA
V5,KASNVFQGVFLTTCPCRRTTVLPI,0.067560,48,NA,NA,NA,NA,NA,NA
V5,KASNVFGGVFLTNNMLQHDCAAYI,0.063337,45,NA,NA,NA,NA,0.15129,6
V5,KASNVFQGVFLTNNMQKDDCAAYI,0.061930,44,NA,NA,NA,NA,NA,NA
V5,KASNVFEGVFLARNIAMREHDCAAYI,0.059115,42,1.54959,120,NA,NA,1.46243,58
V5,QASNVFQGVFLTNAMLQHDCAAYI,0.057707,41,NA,NA,0.21434,9,NA,NA
V5,KA*LMYFRVSFSPHAMQKDDCAAYI,0.053485,38,NA,NA,NA,NA,NA,NA
V5,KASNVFQGVFLTTCHAEGRLCCLY,0.053485,38,NA,NA,NA,NA,NA,NA
V5,KASNVFQGVFLTNAMDMQTHDCAAYI,0.052077,37,NA,NA,NA,NA,0.32779,13
V5,QASNVFQGVFLTTCHAEGRLCCLY,0.045040,32,NA,NA,NA,NA,NA,NA
V5,KASNVFEGSLSHHTHAEGRLCCLY,0.043632,31,NA,NA,NA,NA,NA,NA
V5,KASNVFKDVFLTTPMQTHDCAAYI,0.040817,29,NA,NA,0.11908,5,NA,NA
V5,QASNVFQGVFLTHAMTARTTVLPI,0.036595,26,NA,NA,NA,NA,NA,NA
V5,KASNVFRGMSFSPHPCRRTTVLPI,0.035187,25,NA,NA,NA,NA,NA,NA
V5,QASNVFKDVFLNMAMTAHDCAAYI,0.030965,22,NA,NA,NA,NA,NA,NA
V5,KASNVFQGVFLTDTTPMRKDDCAAYI,0.028150,20,NA,NA,NA,NA,NA,NA
V5,KASNVFRGSISHHTHAEGRLCCLY,0.026742,19,NA,NA,NA,NA,NA,NA
V5,QA*QCISGSISHRYTPMQKDDCAAYI,0.026742,19,NA,NA,NA,NA,NA,NA
V5,KASNVFRGRLSHHTHAEGRLCCLY,0.023927,17,NA,NA,NA,NA,NA,NA
V5,KASNVFKDVFLTNAMDMLQDDCAAYI,0.022520,16,NA,NA,NA,NA,NA,NA
V5,KA*QCIRGSISHHTHAEGRLCCLY,0.021112,15,NA,NA,NA,NA,NA,NA
V5,KASNVFQGSLSHHTHAEGRLCCLY,0.021112,15,NA,NA,NA,NA,NA,NA
V5,KASNVFKGVFLTTPMQKDDCAAYI,0.019705,14,NA,NA,NA,NA,NA,NA
V5,KASNVFQDVFLTTPMQKDDCAAYI,0.018297,13,NA,NA,NA,NA,NA,NA
V5,QASNVFQGVFLTNAMDMQTHDCAAYI,0.018297,13,NA,NA,NA,NA,NA,NA
V5,QASNVFQGVFLTHAMTARRLCCLY,0.016890,12,NA,NA,NA,NA,NA,NA
V5,KASNVFKDVFLTNAMTCRRHDCAAYI,0.015482,11,NA,NA,NA,NA,NA,NA
V5,KASNVFEGVFLARNIAMDMQTHDCAAYI,0.014075,10,NA,NA,NA,NA,NA,NA
V5,KASNVVSRMSFSPHAMDMQTHDCAAYI,0.014075,10,NA,NA,NA,NA,NA,NA
V5,QASNVFRGMSFSPIPHPCRRTTVLPI,0.014075,10,NA,NA,NA,NA,NA,NA
V5,KASNVFKDCLSHQCHGHAEGRLCCLY,0.012667,9,NA,NA,NA,NA,NA,NA
V5,KASNVFKDCLSHRYHGPCRRTTVLPI,0.012667,9,NA,NA,NA,NA,NA,NA
V5,KASNVFKDVFLTNAMDMQTARLCCLY,0.012667,9,NA,NA,NA,NA,NA,NA
V5,KASNVFQGVFLTNTMHAGTTVLPI,0.012667,9,NA,NA,NA,NA,NA,NA
V5,KASNVFQGCLSHHMAHDRRTTVLPI,0.011260,8,NA,NA,NA,NA,NA,NA
V5,KASNVVSRRLSHHTHAEGRLCCLY,0.011260,8,NA,NA,NA,NA,NA,NA
V5,QASNVFQGSLSHRYHTHAEGRLCCLY,0.011260,8,NA,NA,NA,NA,NA,NA
V5,QASNVVSRVSFSPIPHPCRRTTVLPI,0.011260,8,NA,NA,NA,NA,NA,NA
V5,KASNVFQGCLSHHTHAEGRLCCLY,0.009852,7,NA,NA,NA,NA,NA,NA
V5,KASNVFQGLSFSPHAMDMQKDDCAAYI,0.009852,7,NA,NA,NA,NA,NA,NA
V5,KASNVFQGVFLTTWP*PHTTVLPI,0.009852,7,0.40031,31,NA,NA,NA,NA
V5,KASNVFRG*SFSPIPHPCRRTTVLPI,0.009852,7,NA,NA,NA,NA,NA,NA
V5,QA*LMYFREYFSPIPHPCRRTTVLPI,0.009852,7,NA,NA,NA,NA,NA,NA
V5,KASNVFEGVFLTNNMLQHDCAAYI,0.008445,6,0.19370,15,NA,NA,0.22693,9
V5,KASNVFQGCLSHQATPMQKDDCAAYI,0.008445,6,NA,NA,NA,NA,NA,NA
V5,KASNVFQGVFLTIPHPCRRTTVLPI,0.008445,6,NA,NA,NA,NA,NA,NA
V5,KASNVVSRTSFSPHPCRRTTVLPI,0.008445,6,NA,NA,NA,NA,NA,NA
V5,KASNVVSRVSFSPHPCRRTTVLPI,0.008445,6,NA,NA,NA,NA,NA,NA
V5,QA**CISGCISHTCHDRTTTVLPI,0.008445,6,NA,NA,NA,NA,NA,NA
V5,KASNVFEGSLSR*QHSHARARLCCLY,NA,NA,0.29700,23,NA,NA,NA,NA
V5,KASNVFEGVFLTNNHAAARLCCLY,NA,NA,0.15496,12,NA,NA,NA,NA
V5,KASNVFEGVFLTTPMREHDCAAYI,NA,NA,1.69163,131,NA,NA,1.79022,71
V5,KASNVFKDCLSHHMPWTCRRTTVLPI,NA,NA,0.21952,17,NA,NA,NA,NA
V5,KASNVFKDVFLNMAMTAHDCAAYI,NA,NA,0.10331,8,NA,NA,0.17650,7
V5,KASNVFKDVFLTNAMDMREHDCAAYI,NA,NA,0.33574,26,NA,NA,0.30257,12
V5,KASNVFKDVFLTNAMREHDCAAYI,NA,NA,NA,NA,NA,NA,0.17650,7
V5,KASNVFKDVFLTNAPMRDARLCCLY,NA,NA,0.11622,9,NA,NA,NA,NA
V5,KASNVFKDVFLTTPMREHDCAAYI,NA,NA,0.73605,57,NA,NA,2.06757,82
V5,KASNVFKGLSFSPHAMDMQTHDCAAYI,NA,NA,0.24535,19,NA,NA,NA,NA
V5,KASNVFKGRLSHHMPWTCRRTTVLPI,NA,NA,0.21952,17,NA,NA,NA,NA
V5,KASNVFQGCLSHHTHARARLCCLY,NA,NA,0.07748,6,NA,NA,NA,NA
V5,KASNVFQGCLSHQCHGHADARLCCLY,NA,NA,0.12913,10,NA,NA,NA,NA
V5,KASNVFQGSISHHTHARARLCCLY,NA,NA,0.09039,7,NA,NA,NA,NA
V5,KASNVFQGSLSHHMAHDESTTVLPI,NA,NA,0.40031,31,NA,NA,NA,NA
V5,KASNVFQGSLSHHMAMTAHDCAAYI,NA,NA,0.21952,17,NA,NA,NA,NA
V5,KASNVFQGSLSHHMAMTRARLCCLY,NA,NA,1.02014,79,NA,NA,NA,NA
V5,KASNVFQGSLSHHTHDESTTVLPI,NA,NA,0.21952,17,NA,NA,NA,NA
V5,KASNVFQGVFLTDTTPMREHDCAAYI,NA,NA,NA,NA,NA,NA,0.75643,30
V5,KASNVFQGVFLTHAMTASTTVLPI,NA,NA,0.11622,9,NA,NA,NA,NA
V5,KASNVFQGVFLTNNMREHDCAAYI,NA,NA,NA,NA,NA,NA,0.12607,5
V5,KASNVFQGVFLTTPMLQHDCAAYI,NA,NA,NA,NA,NA,NA,0.63036,25
V5,KASNVFQGVFLTTPMQKARLCCLY,NA,NA,0.80062,62,NA,NA,NA,NA
V5,KASNVFQGVFLTTPMQKHDCAAYI,NA,NA,NA,NA,NA,NA,0.27736,11
V5,KASNVFQGVFLTTPMQKSTTVLPI,NA,NA,0.07748,6,NA,NA,NA,NA
V5,KASNVFQGVFLTTPMREHDCAAYI,NA,NA,68.06560,5271,NA,NA,62.75845,2489
V5,KASNVFQGVFLTTWPCESTTVLPI,NA,NA,0.18079,14,NA,NA,NA,NA
V5,KASNVVSRVSFSPHAMDMQTHDCAAYI,NA,NA,0.25826,20,NA,NA,NA,NA
V5,QASNVFKDVFLTNAMDMQTHDCAAYI,NA,NA,NA,NA,NA,NA,0.15129,6
V5,QASNVFKDVFLTNAMTAHDCAAYI,NA,NA,0.19370,15,NA,NA,0.17650,7
V5,QASNVFQGRISHQCHGPADARLCCLY,NA,NA,0.19370,15,NA,NA,NA,NA
V5,QASNVFQGSLSHHMAMTAHDCAAYI,NA,NA,0.49070,38,NA,NA,NA,NA
V5,QASNVFQGVFLTDTTPMREHDCAAYI,NA,NA,0.67149,52,NA,NA,0.90772,36
V5,QASNVFQGVFLTHAMTAARLCCLY,NA,NA,0.37448,29,NA,NA,NA,NA
V5,QASNVFQGVFLTHAMTASTTVLPI,NA,NA,2.73760,212,NA,NA,NA,NA
V5,QASNVFQGVFLTHGHDRTRLCCLY,NA,NA,0.20661,16,NA,NA,NA,NA
V5,QASNVFQGVFLTTCHDRSTTVLPI,NA,NA,0.11622,9,NA,NA,NA,NA
V5,QASNVFQGVFLTTPMREHDCAAYI,NA,NA,1.75620,136,NA,NA,3.30308,131
V6,PVHALARAGVDI,14.984585,10644,NA,NA,18.60152,1519,NA,NA
V6,PVHWKALARARPPARVDI,8.252502,5862,0.07748,6,6.51482,532,NA,NA
V6,PVHWNAFTQARALPGAPVPAI,4.966706,3528,0.72314,56,4.21259,344,1.11698,74
V6,PVHWKARARAGVDI,4.569707,3246,NA,NA,5.26574,430,NA,NA
V6,PVHWKALAAGVDI,3.822167,2715,NA,NA,5.13103,419,NA,NA
V6,PVHWKALAAVPPARVDI,3.675756,2611,NA,NA,3.80847,311,NA,NA
V6,PVHAQARALAAGVDI,3.012684,2140,NA,NA,3.31864,271,NA,NA
V6,PVHAQARAVPPARVDI,2.429857,1726,NA,NA,2.36346,193,NA,NA
V6,PVHWKAHARAPADI,2.162375,1536,NA,NA,2.05731,168,NA,NA
V6,PVHWNAFTQARALPGAPARVDI,2.020188,1435,NA,NA,1.35929,111,NA,NA
V6,PVHYKVLKAHARAAAGAGVDI,1.828727,1299,NA,NA,1.24908,102,NA,NA
V6,PVHYTVLTGPQAPAAANI,1.817465,1291,NA,NA,1.87362,153,1.08679,72
V6,PVHWKALARAGVDI,1.702026,1209,NA,NA,2.22875,182,NA,NA
V6,PVHALARALPAAAAAAAVNNDI,1.502119,1067,NA,NA,0.97967,80,NA,NA
V6,PVHWKALAAAAAAAVNNDI,1.426098,1013,NA,NA,1.43277,117,NA,NA
V6,PVHYTVLTGPQAPAAAAAGAGVDI,1.386679,985,NA,NA,0.85721,70,NA,NA
V6,PVHWKARAAAAAGAGVDI,1.365562,970,NA,NA,1.27357,104,0.07547,5
V6,PVHYKVLKAHAQAAVPAAADDI,1.205074,856,NA,NA,0.55107,45,NA,NA
V6,PVHWNAFTQARALPGAAAAAGAGVDI,1.188180,844,NA,NA,0.79598,65,NA,NA
V6,PVHWKARALAAGVDI,1.068517,759,NA,NA,0.88170,72,NA,NA
V6,PVYYFAARAGVDI,1.030507,732,NA,NA,1.49400,122,NA,NA
V6,PVHWNAFTQARAGVDI,1.017837,723,NA,NA,1.26133,103,NA,NA
V6,PVHWKALAAVAPANDI,1.006574,715,NA,NA,1.06539,87,NA,NA
V6,PVHWNAFTQARALPAAPVPAI,0.961525,683,NA,NA,0.84497,69,NA,NA
V6,PVHALAAGVDI,0.860164,611,NA,NA,0.99192,81,NA,NA
V6,PVHWKALPGAPVPAI,0.822153,584,NA,NA,1.01641,83,NA,NA
V6,PVHWKALARARPPAPARVDI,0.813706,578,NA,NA,0.73475,60,NA,NA
V6,PVHAQARALAAAVNNDI,0.801036,569,0.16787,13,0.68577,56,0.43774,29
V6,PVHWKALARVDI,0.755987,537,NA,NA,0.91844,75,NA,NA
V6,PVHYTVLTGPQAPARVDI,0.747540,531,NA,NA,0.61229,50,NA,NA
V6,PVHALARAVPPARVDI,0.717976,510,NA,NA,0.57556,47,NA,NA
V6,PVYYFAARAQLPAAANI,0.705306,501,NA,NA,0.48984,40,NA,NA
V6,PVHYKVLKARAQLPAAAGAGVDI,0.665888,473,NA,NA,0.40411,33,NA,NA
V6,PVHWKALARARPPAPAI,0.646179,459,NA,NA,0.72251,59,NA,NA
V6,PVYYFAARARAGVDI,0.615207,437,NA,NA,0.61229,50,NA,NA
V6,PVHYKVLKAQARALPGAPADI,0.585643,416,NA,NA,0.45310,37,NA,NA
V6,PVHALARAGADI,0.580012,412,NA,NA,0.53882,44,NA,NA
V6,PVHAQARAVAPANDI,0.577197,410,NA,NA,0.75925,62,NA,NA
V6,PVHAQARAGVDI,0.549041,390,NA,NA,0.82048,67,NA,NA
V6,PVHYTVLTGPHARAPADI,0.546225,388,NA,NA,0.50208,41,NA,NA
V6,PVHWKALARAPVDI,0.539186,383,NA,NA,0.50208,41,NA,NA
V6,PVHALARAPADI,0.508214,361,NA,NA,0.45310,37,NA,NA
V6,PVHYTVLTGPQLPAVAPANDI,0.482874,343,NA,NA,0.36738,30,NA,NA
V6,PVYYFAAQARPPARVDI,0.439232,312,NA,NA,0.35513,29,NA,NA
V6,PVHAQARALAAVPPARVDI,0.429378,305,NA,NA,0.41636,34,NA,NA
V6,PVHWNAFTQAGAAAGVPARVDI,0.422339,300,NA,NA,0.24492,20,NA,NA
V6,PVHWKALPGAAAGVPALPGAGVDI,0.416708,296,NA,NA,0.19593,16,NA,NA
V6,PVHAQAPAAANI,0.408261,290,NA,NA,0.46534,38,NA,NA
V6,PVHWKALAAVPPAAAAAGAGVDI,0.402630,286,NA,NA,0.45310,37,NA,NA
V6,PVHARARAGVDI,0.385736,274,NA,NA,0.35513,29,NA,NA
V6,PVHYTVLTGPPARVDI,0.378697,269,NA,NA,0.42861,35,NA,NA
V6,PVHWKALAAVPPAAANI,0.374474,266,NA,NA,0.47759,39,NA,NA
V6,PVHWNAFTPARVDI,0.358988,255,NA,NA,0.35513,29,NA,NA
V6,PVHWKAQARAGVDI,0.346318,246,NA,NA,0.44085,36,NA,NA
V6,PVHWKALAAGVPARVDI,0.343502,244,NA,NA,0.52657,43,NA,NA
V6,PVHWKALARALPGAPVPAI,0.332240,236,NA,NA,0.29390,24,NA,NA
V6,PVHWKARARAGADI,0.332240,236,NA,NA,0.62454,51,NA,NA
V6,PVHALARAAAAAGAGVDI,0.299861,213,NA,NA,0.28166,23,NA,NA
V6,PVHWNAFTQARAQPPAI,0.299861,213,NA,NA,0.26941,22,NA,NA
V6,PVHWKALAAGVPPAANI,0.295637,210,NA,NA,0.48984,40,NA,NA
V6,PVHWNAFTQARALPAAGVPAI,0.290006,206,NA,NA,0.17144,14,NA,NA
V6,PVHWNAFTQARAVPPARVDI,0.278744,198,NA,NA,0.20818,17,NA,NA
V6,PVHAQARAQPPANI,0.275928,196,NA,NA,0.24492,20,NA,NA
V6,PVHWKAQARALPGAPVPAI,0.267481,190,NA,NA,0.24492,20,NA,NA
V6,PVHWNAFTQARVDI,0.266074,189,NA,NA,0.66128,54,NA,NA
V6,PVHALARAGAAVPAGAGVDI,0.243549,173,NA,NA,0.23267,19,NA,NA
V6,PVHAQARAGADI,0.237918,169,NA,NA,0.29390,24,0.83019,55
V6,PVHYKVLKAHARARAGAAVPAAVDI,0.232286,165,NA,NA,0.17144,14,NA,NA
V6,PVHYKVLKAHARAVPQARALAAGVDI,0.229471,163,NA,NA,0.12246,10,NA,NA
V6,PVHWKALAPAQPPARVDI,0.209762,149,NA,NA,0.17144,14,NA,NA
V6,PVHALARAQLPAVAPADDI,0.198499,141,NA,NA,0.29390,24,NA,NA
V6,PVHWKALAAGAPARVDI,0.197091,140,NA,NA,0.19593,16,NA,NA
V6,PVYYFAARPQAPAAANI,0.195684,139,NA,NA,0.17144,14,NA,NA
V6,PVHYKVLKAHARAPARVDI,0.192868,137,NA,NA,0.15920,13,NA,NA
V6,PVYYFAARAQLPAVAPANDI,0.187237,133,0.51653,40,0.13470,11,0.45283,30
V6,PVHALARAAAAVPAGAGVDI,0.178790,127,NA,NA,0.17144,14,NA,NA
V6,PVHAQARALPAAGVDI,0.175975,125,NA,NA,0.13470,11,NA,NA
V6,PVHYTVLTGPQAPAVPPARVDI,0.168936,120,NA,NA,0.11021,9,NA,NA
V6,PVHAQARALAADDI,0.166120,118,NA,NA,0.13470,11,NA,NA
V6,PVHWNAFTQARPPARVDI,0.163304,116,NA,NA,0.09797,8,NA,NA
V6,PVHYKVLKARAGVDI,0.163304,116,NA,NA,0.23267,19,NA,NA
V6,PVHWKALARARPPAAANI,0.160489,114,NA,NA,0.13470,11,NA,NA
V6,PVHWKALARAPADI,0.159081,113,NA,NA,0.09797,8,NA,NA
V6,PVYYFAARAQAAAAAGAGVDI,0.154858,110,NA,NA,0.09797,8,NA,NA
V6,PVHWKALSPSRSRH,0.150634,107,NA,NA,NA,NA,NA,NA
V6,PVHWKALARARAGAAVPAAADDI,0.147819,105,NA,NA,0.06123,5,NA,NA
V6,PVYYFAARALAAVAPARVDI,0.140780,100,NA,NA,0.09797,8,NA,NA
V6,PVHAQAAAAAGAGVDI,0.139372,99,NA,NA,0.29390,24,NA,NA
V6,PVHWKAQAPAAANI,0.137964,98,NA,NA,0.22043,18,NA,NA
V6,PVHYKVLKAHARARAGAAADDI,0.135148,96,NA,NA,0.07348,6,NA,NA
V6,PVHWKALAAVPRAPADI,0.133741,95,NA,NA,0.08572,7,NA,NA
V6,PVHALAPAGVDI,0.128109,91,NA,NA,0.17144,14,NA,NA
V6,PVHYKVLKAHARAAAAAAADDI,0.122478,87,NA,NA,0.13470,11,NA,NA
V6,PVHAQARALAAGAGVDI,0.116847,83,NA,NA,0.20818,17,NA,NA
V6,PVHWKALARARPPANDI,0.116847,83,NA,NA,0.29390,24,NA,NA
V6,PVHWNAFTHARAVPPARVDI,0.115439,82,NA,NA,0.20818,17,NA,NA
V6,PVHWKALAAVPPARAAAAAGAGVDI,0.109808,78,NA,NA,0.12246,10,NA,NA
V6,PVHYKVLKARAAAAAGAGVDI,0.108400,77,NA,NA,0.20818,17,NA,NA
V6,PVHWNAFTQARALPGADI,0.105585,75,NA,NA,0.22043,18,NA,NA
V6,PVHWKALAAQPPAPADI,0.104177,74,NA,NA,0.11021,9,NA,NA
V6,PVHWKALARAGADI,0.102769,73,NA,NA,0.18369,15,0.18113,12
V6,PVHWKALARARPPADI,0.102769,73,NA,NA,0.14695,12,NA,NA
V6,PVHWKALARARPPAPALPGAAADDI,0.101361,72,NA,NA,0.11021,9,NA,NA
V6,PVHALARAAANI,0.099954,71,NA,NA,0.13470,11,NA,NA
V6,PVHALARALPGAAAAAGAGVDI,0.097138,69,NA,NA,0.06123,5,NA,NA
V6,PVHAQARALAARVDI,0.097138,69,NA,NA,0.09797,8,NA,NA
V6,PVHWKALAPAAANI,0.097138,69,NA,NA,0.12246,10,NA,NA
V6,PVHARAVPPARVDI,0.095730,68,NA,NA,0.23267,19,NA,NA
V6,PVHAQAGAAAGAGVDI,0.091507,65,NA,NA,0.11021,9,NA,NA
V6,PVHWKAQAAGAAAGAGVDI,0.091507,65,NA,NA,0.11021,9,NA,NA
V6,PVHWKALAPAGVDI,0.088691,63,NA,NA,0.15920,13,NA,NA
V6,PVHALAPARVDI,0.087283,62,NA,NA,0.20818,17,NA,NA
V6,PVHWKALAAAAAARVDI,0.087283,62,NA,NA,0.09797,8,NA,NA
V6,PVHWKALARAAAAAGAGVDI,0.087283,62,NA,NA,0.07348,6,NA,NA
V6,PVHWKARAQLPAAANI,0.087283,62,NA,NA,0.06123,5,NA,NA
V6,PVHAQARALAAPADI,0.085876,61,NA,NA,0.11021,9,NA,NA
V6,PVHWKALAVAPANDI,0.085876,61,NA,NA,0.06123,5,NA,NA
V6,PVHWKALAEPEST,0.083060,59,NA,NA,NA,NA,NA,NA
V6,PVH*SPEPEPEST,0.081652,58,NA,NA,NA,NA,NA,NA
V6,PVHWKALAAQPPADI,0.081652,58,NA,NA,0.12246,10,NA,NA
V6,PVHAQAGAAAGVDI,0.076021,54,NA,NA,0.08572,7,NA,NA
V6,PVHAQARALPAAAAAAAVNNDI,0.074613,53,NA,NA,NA,NA,NA,NA
V6,PVHWKAQAAGAPARVDI,0.074613,53,NA,NA,0.09797,8,NA,NA
V6,PVHWKALAPADI,0.070390,50,NA,NA,0.07348,6,NA,NA
V6,PVHYKVLKAHARAGVDI,0.070390,50,NA,NA,0.08572,7,NA,NA
V6,PVHWKAHAQAPADI,0.068982,49,NA,NA,0.19593,16,NA,NA
V6,PVH*SPGPSPSRVDI,0.066166,47,NA,NA,NA,NA,NA,NA
V6,PVHYKVLKAQARAPADI,0.060535,43,NA,NA,NA,NA,NA,NA
V6,PVHARAPADI,0.059127,42,NA,NA,0.09797,8,NA,NA
V6,PVHWKARAPAAANI,0.059127,42,NA,NA,0.07348,6,NA,NA
V6,PVHARAVPPARADI,0.056312,40,NA,NA,0.15920,13,NA,NA
V6,PVHWKALARADPSRVDI,0.056312,40,NA,NA,NA,NA,NA,NA
V6,PVHWKALARAAADI,0.054904,39,NA,NA,0.07348,6,NA,NA
V6,PVHWKALAPARVDI,0.052088,37,NA,NA,NA,NA,NA,NA
V6,PVHAQARALPGAPVPDI,0.050681,36,NA,NA,NA,NA,NA,NA
V6,PVHARAVPRAGVDI,0.049273,35,NA,NA,NA,NA,NA,NA
V6,PVHYKVLKAQARALPGAPVPAI,0.049273,35,NA,NA,0.07348,6,NA,NA
V6,PVHAQARALPGVDI,0.047865,34,NA,NA,0.07348,6,NA,NA
V6,PVHAQARARPPAPADI,0.047865,34,NA,NA,NA,NA,NA,NA
V6,PVHWKALSRSRSRH,0.047865,34,NA,NA,NA,NA,NA,NA
V6,PVHYKVLKAHAPARVDI,0.047865,34,NA,NA,NA,NA,NA,NA
V6,PVHWKALAARPPAI,0.046457,33,NA,NA,0.06123,5,NA,NA
V6,PVHYTVLTGPRARAAAAAGAGVDI,0.045049,32,NA,NA,0.06123,5,NA,NA
V6,PVHWNAFTQARALAAGVPAI,0.043642,31,NA,NA,NA,NA,NA,NA
V6,PVHAQARALAAGVPPGVDI,0.042234,30,NA,NA,0.06123,5,NA,NA
V6,PVHWKALARARARVDI,0.042234,30,NA,NA,0.39187,32,NA,NA
V6,PVHAQARALAAAAGAGVDI,0.040826,29,NA,NA,NA,NA,NA,NA
V6,PVHWNAFTQARAQLPAGAPVPAI,0.040826,29,NA,NA,NA,NA,NA,NA
V6,PVHYKVLKAHARAPADI,0.040826,29,NA,NA,0.06123,5,0.33208,22
V6,PVYYFAARAQLPAVPPARVDI,0.038011,27,NA,NA,NA,NA,NA,NA
V6,PVYYFAARVDI,0.038011,27,0.32283,25,0.08572,7,0.13585,9
V6,PVHALARAGVEI,0.036603,26,NA,NA,0.13470,11,NA,NA
V6,PVHWKAHAQAAAAAAVNNDI,0.036603,26,NA,NA,0.13470,11,NA,NA
V6,PVHWPSPSPAAGVDI,0.036603,26,NA,NA,NA,NA,NA,NA
V6,PCPLKS*SPSRSRSRGSRH,0.035195,25,NA,NA,NA,NA,NA,NA
V6,PVHGTPHQARALPEPQSRH,0.035195,25,NA,NA,NA,NA,NA,NA
V6,PCPLQVLKPRQAAVPAAATT,0.033787,24,NA,NA,NA,NA,NA,NA
V6,PVH*SPGPSPPAEST,0.033787,24,NA,NA,NA,NA,NA,NA
V6,PVH*SPGPSRSRH,0.033787,24,NA,NA,NA,NA,NA,NA
V6,PVHWKALAAVPQAPAAA,0.033787,24,NA,NA,NA,NA,NA,NA
V6,PVHWKALAAVPQPSRH,0.033787,24,NA,NA,NA,NA,NA,NA
V6,PVHWKAPARVDI,0.033787,24,NA,NA,0.07348,6,NA,NA
V6,PCPYKS*SPRPSRSRGSRH,0.032379,23,NA,NA,NA,NA,NA,NA
V6,PVHAPSPSRSRH,0.032379,23,NA,NA,NA,NA,NA,NA
V6,PVHWKALARAQPPARVDI,0.032379,23,NA,NA,NA,NA,NA,NA
V6,PVHYSPSPPSRSASRSRRH,0.032379,23,NA,NA,NA,NA,NA,NA
V6,PVYYFAARAQLPAVAPARVDI,0.032379,23,NA,NA,NA,NA,NA,NA
V6,PVHYKVLKAQARALAARVDI,0.030972,22,NA,NA,NA,NA,NA,NA
V6,PVHYTVLTGPRARAGAAVPAAAGAGVDI,0.030972,22,NA,NA,NA,NA,NA,NA
V6,PVHALSPSRSRH,0.029564,21,NA,NA,NA,NA,NA,NA
V6,PVHWKAQARAPADI,0.029564,21,NA,NA,NA,NA,NA,NA
V6,PVHWNAFTKPEPCPEPQSSH,0.029564,21,NA,NA,NA,NA,NA,NA
V6,PVHWNAFTRARPPARVDI,0.029564,21,NA,NA,NA,NA,NA,NA
V6,PVH*RLPKPEPCRSPVQP,0.028156,20,NA,NA,NA,NA,NA,NA
V6,PVYYFAAVPPARVDI,0.028156,20,NA,NA,NA,NA,NA,NA
V6,PVHAHARAGAAVPAAADDI,0.026748,19,NA,NA,NA,NA,NA,NA
V6,PVHAHARAPADI,0.026748,19,NA,NA,NA,NA,NA,NA
V6,PVHAQARAAAAAGAGVDI,0.026748,19,NA,NA,NA,NA,NA,NA
V6,PVHERLTKPEPCPEPQPSRH,0.026748,19,NA,NA,NA,NA,NA,NA
V6,PVHWKALARARPSRVDI,0.026748,19,NA,NA,NA,NA,NA,NA
V6,PVH*SPGSRSRQSRH,0.025340,18,NA,NA,NA,NA,NA,NA
V6,PVHALARAEPEST,0.025340,18,NA,NA,NA,NA,NA,NA
V6,PVHAQARAPQPS*H,0.025340,18,NA,NA,NA,NA,NA,NA
V6,PVHWKAHARAVPPARVDI,0.025340,18,NA,NA,NA,NA,NA,NA
V6,PVHYKVLKAHAQAAAAAAAAVNNDI,0.025340,18,NA,NA,NA,NA,NA,NA
V6,PVHYTVLTGPKPSRSPT,0.025340,18,NA,NA,NA,NA,NA,NA
V6,PVHAQARALPGAPARVDI,0.023933,17,NA,NA,NA,NA,NA,NA
V6,PVHWKALAEP*PCPSPSRH,0.023933,17,NA,NA,NA,NA,NA,NA
V6,PVHWKALARAPPEST,0.023933,17,NA,NA,NA,NA,NA,NA
V6,PVHWKALARARAQLPAAAAVNNDI,0.023933,17,NA,NA,NA,NA,NA,NA
V6,PVHWNAFTQARALAAGVDI,0.023933,17,NA,NA,NA,NA,NA,NA
V6,PVYYFAARARVDI,0.023933,17,NA,NA,NA,NA,NA,NA
V6,PVH*S*PEPRSRAEST,0.022525,16,NA,NA,NA,NA,NA,NA
V6,PVHGSPRPEPCSPSRH,0.022525,16,NA,NA,NA,NA,NA,NA
V6,PVHWKAHAQPPANI,0.022525,16,NA,NA,NA,NA,NA,NA
V6,PVH*RLHPSPSPARSPSPSRH,0.021117,15,NA,NA,NA,NA,NA,NA
V6,PVHWKALAAAAAVNNDI,0.021117,15,NA,NA,NA,NA,NA,NA
V6,PVHWKALARAPARVDI,0.021117,15,NA,NA,NA,NA,NA,NA
V6,PVHWKAPSPPSPELT,0.021117,15,NA,NA,NA,NA,NA,NA
V6,PVHWKASPSPSRSRH,0.021117,15,NA,NA,NA,NA,NA,NA
V6,PVHWNALAPSPTPRARVQP,0.021117,15,NA,NA,NA,NA,NA,NA
V6,PVYYFAARAQLPAAAAAGAGVDI,0.021117,15,NA,NA,NA,NA,NA,NA
V6,PCPYKS*SHARAAAAAAADDI,0.019709,14,NA,NA,NA,NA,NA,NA
V6,PVH*SPGPSPQPSRH,0.019709,14,NA,NA,NA,NA,NA,NA
V6,PVHALARARAGAAVPAAADDI,0.019709,14,NA,NA,NA,NA,NA,NA
V6,PVHGSPMPSRSPT,0.019709,14,NA,NA,NA,NA,NA,NA
V6,PVHWPSPGSRSPAMT,0.019709,14,NA,NA,NA,NA,NA,NA
V6,PVHYTVLTGPKPSRVDI,0.019709,14,NA,NA,NA,NA,NA,NA
V6,PVHGTPHQARALPGAQSRH,0.018301,13,NA,NA,NA,NA,NA,NA
V6,PVHWKALQPYPSPEST,0.018301,13,NA,NA,NA,NA,NA,NA
V6,PVH*KPWPSRSPQPEST,0.016894,12,NA,NA,NA,NA,NA,NA
V6,PVHAQARALPGAPVPAI,0.016894,12,NA,NA,NA,NA,NA,NA
V6,PVHWKALARALPAAAAAAAVNNDI,0.016894,12,NA,NA,NA,NA,NA,NA
V6,PVHWNAFTQARAHARAPVPAI,0.016894,12,NA,NA,NA,NA,NA,NA
V6,PVHWPSPSPSPELT,0.016894,12,NA,NA,NA,NA,NA,NA
V6,PVHYFAARAGVDI,0.016894,12,NA,NA,NA,NA,NA,NA
V6,PVH*SPTPEPGVDI,0.015486,11,NA,NA,NA,NA,NA,NA
V6,PVHGSPGPSPTPARVDI,0.015486,11,NA,NA,NA,NA,NA,NA
V6,PVHGSPGSRTPARVDI,0.015486,11,NA,NA,NA,NA,NA,NA
V6,PVHWKALARARTPAQPEST,0.015486,11,NA,NA,NA,NA,NA,NA
V6,PVHWKAPGPSPESDI,0.015486,11,NA,NA,NA,NA,NA,NA
V6,PVHWKAPRALTPAGVDI,0.015486,11,NA,NA,NA,NA,NA,NA
V6,PVHWNAFTQAPVPAI,0.015486,11,NA,NA,NA,NA,NA,NA
V6,PVSQCEPYPAEST,0.015486,11,NA,NA,NA,NA,NA,NA
V6,PVH*RLAPEPCRSPVQP,0.014078,10,NA,NA,NA,NA,NA,NA
V6,PVHWKALAAESRRVDI,0.014078,10,NA,NA,NA,NA,NA,NA
V6,PVHWKALHPSPSPARAPVQT,0.014078,10,NA,NA,NA,NA,NA,NA
V6,PVHWNAFTSPSPAEPSRVDI,0.014078,10,NA,NA,NA,NA,NA,NA
V6,PVHYTVLTDPSRSRSRGSRH,0.014078,10,NA,NA,NA,NA,NA,NA
V6,PVH*RLHPSPSPARSPVQP,0.012670,9,NA,NA,NA,NA,NA,NA
V6,PVH*S*SPRPSRSRAEST,0.012670,9,NA,NA,NA,NA,NA,NA
V6,PVHAQARALAAGLESDI,0.012670,9,NA,NA,NA,NA,NA,NA
V6,PVHAQARAQLPAVAPANDI,0.012670,9,NA,NA,NA,NA,NA,NA
V6,PVHWKAFTKPEPEST,0.012670,9,NA,NA,NA,NA,NA,NA
V6,PVHWKAHAQPPADI,0.012670,9,NA,NA,NA,NA,NA,NA
V6,PVHWKALQPYPEPSRSRH,0.012670,9,NA,NA,NA,NA,NA,NA
V6,PVHWKALSRAGVDI,0.012670,9,NA,NA,NA,NA,NA,NA
V6,PVHWNAFEPKPELT,0.012670,9,NA,NA,NA,NA,NA,NA
V6,PVHWNAFTPARALPGAQVPAI,0.012670,9,NA,NA,NA,NA,NA,NA
V6,PVPTRP*PTQPSRSRH,0.012670,9,NA,NA,NA,NA,NA,NA
V6,PVHALARAGAAVPAAAAAGAGVDI,0.011262,8,NA,NA,NA,NA,NA,NA
V6,PVHGSPGSRSAAAVKRH,0.011262,8,NA,NA,NA,NA,NA,NA
V6,PVHGTPWPSRSPPQPT,0.011262,8,NA,NA,NA,NA,NA,NA
V6,PVHWKAHKPSPSPAEST,0.011262,8,NA,NA,NA,NA,NA,NA
V6,PVHWKALAAAAPARSQTT,0.011262,8,NA,NA,NA,NA,NA,NA
V6,PVHWKALAQQPQPSRH,0.011262,8,NA,NA,NA,NA,NA,NA
V6,PVHWKALARAAAGVPALPGAGVDI,0.011262,8,NA,NA,NA,NA,NA,NA
V6,PVHWKALARALAAGVDI,0.011262,8,NA,NA,NA,NA,NA,NA
V6,PVHWKALASPSPPEPQST,0.011262,8,NA,NA,NA,NA,NA,NA
V6,PVHWNAFTQARALPGAPARADI,0.011262,8,NA,NA,NA,NA,NA,NA
V6,PVHWPSPEPCSRSRH,0.011262,8,NA,NA,NA,NA,NA,NA
V6,PVHYSPSPRPSPEPQCQPSRH,0.011262,8,NA,NA,NA,NA,NA,NA
V6,PVHGRYQAEPCRSPAEST,0.009855,7,NA,NA,NA,NA,NA,NA
V6,PVHWKALAAVPQPQPT,0.009855,7,NA,NA,NA,NA,NA,NA
V6,PVHWKALAEPGPPARVDI,0.009855,7,NA,NA,NA,NA,NA,NA
V6,PVHWKALAPSPTPRARVRPS,0.009855,7,NA,NA,NA,NA,NA,NA
V6,PVHWNALAPEPDLPQPSPAI,0.009855,7,NA,NA,NA,NA,NA,NA
V6,PVHYSPKARALPAAGLEST,0.009855,7,NA,NA,NA,NA,NA,NA
V6,PVHYTVLTGPKPQPQPT,0.009855,7,NA,NA,NA,NA,NA,NA
V6,PCPLRPKAPPAQCQPAVRRH,0.008447,6,NA,NA,NA,NA,NA,NA
V6,PVHAKPEPYPAEST,0.008447,6,NA,NA,NA,NA,NA,NA
V6,PVHAQARAPVDI,0.008447,6,NA,NA,NA,NA,NA,NA
V6,PVHARALAPARVDI,0.008447,6,NA,NA,NA,NA,NA,NA
V6,PVHCQARALQPGWSRH,0.008447,6,NA,NA,NA,NA,NA,NA
V6,PVHEALSRSRSRPQST,0.008447,6,NA,NA,NA,NA,NA,NA
V6,PVHWKALAAAAAAGLEST,0.008447,6,NA,NA,NA,NA,NA,NA
V6,PVHWKALAAQPPARVDI,0.008447,6,NA,NA,NA,NA,NA,NA
V6,PVHWKALARAPQSSH,0.008447,6,NA,NA,NA,NA,NA,NA
V6,PVHWKALARARPQPT,0.008447,6,NA,NA,NA,NA,NA,NA
V6,PVHYKVLKAHARALAAGADI,0.008447,6,NA,NA,NA,NA,NA,NA
V6,PVHALARARPPARVDI,NA,NA,NA,NA,0.06123,5,NA,NA
V6,PVHAQARALPGAAVNNDI,NA,NA,0.21952,17,NA,NA,NA,NA
V6,PVHWKALAAAVNNDI,NA,NA,0.61983,48,NA,NA,0.42264,28
V6,PVHWKALAPAQPPAAVNNDI,NA,NA,NA,NA,NA,NA,0.27170,18
V6,PVHWKALAQAAGAAVNNDI,NA,NA,0.29700,23,NA,NA,0.60377,40
V6,PVHWKALARAGAAVNNDI,NA,NA,NA,NA,NA,NA,0.09057,6
V6,PVHWKALARALAAAVNNDI,NA,NA,NA,NA,NA,NA,0.24151,16
V6,PVHWKALARALPGAAVNNDI,NA,NA,NA,NA,NA,NA,0.25660,17
V6,PVHWKALARAQPPAAVNNDI,NA,NA,1.40754,109,NA,NA,0.87547,58
V6,PVHWKALARARAGAAVNNDI,NA,NA,NA,NA,NA,NA,0.09057,6
V6,PVHWKALARARPPAAVNNDI,NA,NA,1.07180,83,NA,NA,0.70943,47
V6,PVHWKALARARPPAPAAANI,NA,NA,NA,NA,NA,NA,0.13585,9
V6,PVHWKALARARPPAPAAVNNDI,NA,NA,NA,NA,NA,NA,0.09057,6
V6,PVHWKALARARPPAPANDI,NA,NA,NA,NA,NA,NA,0.10566,7
V6,PVHWKALARARPPAPANNDI,NA,NA,0.25826,20,NA,NA,0.80000,53
V6,PVHWKALARARPPAPVNNDI,NA,NA,0.42614,33,NA,NA,0.75472,50
V6,PVHWKALPGAAVNNDI,NA,NA,0.68440,53,NA,NA,1.17736,78
V6,PVHWKALPGADI,NA,NA,NA,NA,NA,NA,0.21132,14
V6,PVHWKAQARARPPARVDI,NA,NA,NA,NA,0.06123,5,NA,NA
V6,PVHWKAQPPADI,NA,NA,NA,NA,NA,NA,0.19623,13
V6,PVHWKARAGAAVNNDI,NA,NA,NA,NA,NA,NA,0.21132,14
V6,PVHWKARAGADI,NA,NA,5.66890,439,NA,NA,16.07547,1065
V6,PVHWKARALAAAVNNDI,NA,NA,NA,NA,NA,NA,0.10566,7
V6,PVHWKARALPGAAVNNDI,NA,NA,NA,NA,NA,NA,0.07547,5
V6,PVHWKARAPADI,NA,NA,0.36157,28,NA,NA,0.25660,17
V6,PVHWKARAVPPARVDI,NA,NA,NA,NA,NA,NA,0.15094,10
V6,PVHWNAFTQARAGAAVNNDI,NA,NA,NA,NA,NA,NA,0.16604,11
V6,PVHWNAFTQARAGADI,NA,NA,NA,NA,NA,NA,0.10566,7
V6,PVHWNAFTQARALAAAVNNDI,NA,NA,NA,NA,NA,NA,0.15094,10
V6,PVHWNAFTQARALPGAAVNNDI,NA,NA,NA,NA,NA,NA,0.09057,6
V6,PVHWNAFTQARALPVPPVPAI,NA,NA,NA,NA,NA,NA,0.07547,5
V6,PVHWNAFTQARAQPPAAVNNDI,NA,NA,NA,NA,NA,NA,0.09057,6
V6,PVHWNAFTQARAVPPVPAI,NA,NA,NA,NA,0.06123,5,NA,NA
V6,PVHWPSPSPSRH,NA,NA,0.07748,6,NA,NA,NA,NA
V6,PVHYKVLKAHAQPPAAVNNDI,NA,NA,NA,NA,NA,NA,0.09057,6
V6,PVHYKVLKAHARAGADI,NA,NA,NA,NA,NA,NA,0.13585,9
V6,PVHYKVLKAHARAPAAVNNDI,NA,NA,0.18079,14,NA,NA,NA,NA
V6,PVHYKVLKARALAAAVNNDI,NA,NA,0.07748,6,NA,NA,0.07547,5
V6,PVHYKVLKPTPEPYPEPQSTTT,NA,NA,0.10331,8,NA,NA,NA,NA
V6,PVHYTVLTGPQAPAAVNNDI,NA,NA,0.83936,65,NA,NA,0.99623,66
V6,PVHYTVLTGPQAPAVAAVNNDI,NA,NA,NA,NA,NA,NA,0.07547,5
V6,PVHYTVLTGPQPPAAVNNDI,NA,NA,NA,NA,NA,NA,0.07547,5
V6,PVHYTVLTGPRALAAAVNNDI,NA,NA,NA,NA,NA,NA,0.09057,6
V6,PVLFRQAPTPSRSRSQQRH,NA,NA,0.07748,6,NA,NA,NA,NA
V6,PVLFRQARAPGAAVTT,NA,NA,0.20661,16,NA,NA,NA,NA
V6,PVLLLRSPSPTRSRSQQRH,NA,NA,0.09039,7,NA,NA,NA,NA
V6,PVLLLTVLPEP*PRAAVNNDI,NA,NA,0.14205,11,NA,NA,NA,NA
V6,PVLLLVLTEPQAPAAVNNDI,NA,NA,0.09039,7,NA,NA,NA,NA
V6,PVLLNAFTKPEP*PGAPVTRH,NA,NA,0.11622,9,NA,NA,NA,NA
V6,PVLLNRLARALPRAAVNNDI,NA,NA,0.14205,11,NA,NA,NA,NA
V6,PVLLNRLPEPDPQPQSTTT,NA,NA,0.15496,12,NA,NA,NA,NA
V6,PVLLNRLPEPNPQPQSTTT,NA,NA,0.38740,30,NA,NA,NA,NA
V6,PVLLNSPGPSPSPQPQSTTT,NA,NA,0.15496,12,NA,NA,NA,NA
V6,PVSTWKARAGAAVKRH,NA,NA,0.21952,17,NA,NA,NA,NA
V6,PVSTWKPEPTPAAVKRH,NA,NA,0.11622,9,NA,NA,NA,NA
V6,PVYFASPSPQPQSRH,NA,NA,0.54236,42,NA,NA,NA,NA
V6,PVYFASPSPTQPQSTTT,NA,NA,0.07748,6,NA,NA,NA,NA
V6,PVYTSKPEPTQPQSNDI,NA,NA,0.42614,33,NA,NA,NA,NA
V6,PVYTSQQSPTGAAVKRH,NA,NA,0.37448,29,NA,NA,NA,NA
V6,PVYTWKPSQPQPQSTTT,NA,NA,0.09039,7,NA,NA,NA,NA
V6,PVYYFAAAAAAAVNNDI,NA,NA,0.29700,23,NA,NA,0.36226,24
V6,PVYYFAAGVPALPGAAVNNDI,NA,NA,0.07748,6,NA,NA,0.09057,6
V6,PVYYFAAGVPPGAAVNNDI,NA,NA,NA,NA,NA,NA,0.07547,5
V6,PVYYFAALPAAAVNNDI,NA,NA,0.15496,12,NA,NA,NA,NA
V6,PVYYFAAPAAAAAAVNNDI,NA,NA,0.15496,12,NA,NA,NA,NA
V6,PVYYFAAPALPAAAAAAAVNNDI,NA,NA,NA,NA,NA,NA,0.10566,7
V6,PVYYFAAPALPGAAAHNDI,NA,NA,NA,NA,NA,NA,0.07547,5
V6,PVYYFAAPALPGAAVNNDI,NA,NA,NA,NA,NA,NA,0.92075,61
V6,PVYYFAAPALPPAAVNNDI,NA,NA,NA,NA,NA,NA,0.15094,10
V6,PVYYFAAPANPSRSQQRH,NA,NA,0.07748,6,NA,NA,NA,NA
V6,PVYYFAAPAQAPAAVNNDI,NA,NA,0.11622,9,NA,NA,0.10566,7
V6,PVYYFAAPAQLPAAVNNDI,NA,NA,NA,NA,NA,NA,0.07547,5
V6,PVYYFAAPAQPGAAVNNDI,NA,NA,NA,NA,NA,NA,0.09057,6
V6,PVYYFAAPAQPPAAVNNDI,NA,NA,4.51963,350,NA,NA,6.30943,418
V6,PVYYFAAPARPPAAVNNDI,NA,NA,NA,NA,NA,NA,0.09057,6
V6,PVYYFAAPSPTPSRSQQRH,NA,NA,0.29700,23,NA,NA,NA,NA
V6,PVYYFAAQAAGAAVNNDI,NA,NA,0.14205,11,NA,NA,0.21132,14
V6,PVYYFAAQAARPPAPVNNDI,NA,NA,NA,NA,NA,NA,0.10566,7
V6,PVYYFAAQAPAAVNNDI,NA,NA,NA,NA,NA,NA,0.16604,11
V6,PVYYFAAQAPGAAVNNDI,NA,NA,NA,NA,NA,NA,0.18113,12
V6,PVYYFAAQARALAAAVNNDI,NA,NA,NA,NA,NA,NA,0.21132,14
V6,PVYYFAAQPPVNNDI,NA,NA,NA,NA,NA,NA,0.07547,5
V6,PVYYFAARAAAAAGAGVDI,NA,NA,0.10331,8,NA,NA,0.48302,32
V6,PVYYFAARAGAAVNNDI,NA,NA,1.38171,107,NA,NA,2.65660,176
V6,PVYYFAARAGAAVPAAADDI,NA,NA,0.49070,38,NA,NA,0.43774,29
V6,PVYYFAARAGAAVPAAVNNDI,NA,NA,NA,NA,NA,NA,0.25660,17
V6,PVYYFAARAGADI,NA,NA,NA,NA,NA,NA,0.92075,61
V6,PVYYFAARAGSRH,NA,NA,0.80062,62,NA,NA,NA,NA
V6,PVYYFAARALAAAANI,NA,NA,NA,NA,NA,NA,0.21132,14
V6,PVYYFAARALAAAVNNDI,NA,NA,8.78099,680,NA,NA,10.80755,716
V6,PVYYFAARALAAGAAVNNDI,NA,NA,NA,NA,NA,NA,0.19623,13
V6,PVYYFAARALAAGVPPGAAVNNDI,NA,NA,NA,NA,NA,NA,0.15094,10
V6,PVYYFAARALAGAAVPPTDDI,NA,NA,0.15496,12,NA,NA,NA,NA
V6,PVYYFAARALAPAAVNNDI,NA,NA,0.64566,50,NA,NA,NA,NA
V6,PVYYFAARALLRAAVNNDI,NA,NA,0.07748,6,NA,NA,NA,NA
V6,PVYYFAARALPAAAAAAAVNNDI,NA,NA,2.36312,183,NA,NA,2.40000,159
V6,PVYYFAARALPAAAAAVNNDI,NA,NA,0.47779,37,NA,NA,NA,NA
V6,PVYYFAARALPAAAAAVPAAVNNDI,NA,NA,0.29700,23,NA,NA,0.22642,15
V6,PVYYFAARALPAAAVNNDI,NA,NA,2.28564,177,NA,NA,0.27170,18
V6,PVYYFAARALPAVNNDI,NA,NA,NA,NA,NA,NA,0.07547,5
V6,PVYYFAARALPEPQSTTT,NA,NA,0.50362,39,NA,NA,NA,NA
V6,PVYYFAARALPGAAADDI,NA,NA,0.28409,22,NA,NA,0.21132,14
V6,PVYYFAARALPGAAAHNDI,NA,NA,NA,NA,NA,NA,0.10566,7
V6,PVYYFAARALPGAAANI,NA,NA,NA,NA,NA,NA,0.18113,12
V6,PVYYFAARALPGAAVNNDI,NA,NA,19.11157,1480,NA,NA,15.69811,1040
V6,PVYYFAARALPGAAVPAAADDI,NA,NA,NA,NA,NA,NA,0.09057,6
V6,PVYYFAARALPGADI,NA,NA,NA,NA,NA,NA,0.25660,17
V6,PVYYFAARALPGAPAAANI,NA,NA,NA,NA,NA,NA,0.09057,6
V6,PVYYFAARALPGAPADI,NA,NA,NA,NA,NA,NA,0.13585,9
V6,PVYYFAARALPGAPANNDI,NA,NA,NA,NA,NA,NA,0.15094,10
V6,PVYYFAARALPGAPVPAI,NA,NA,0.46488,36,NA,NA,0.96604,64
V6,PVYYFAARALPHPAQPQSTTT,NA,NA,0.10331,8,NA,NA,NA,NA
V6,PVYYFAARALPPAAVNNDI,NA,NA,0.58110,45,NA,NA,0.07547,5
V6,PVYYFAARALPQPQPQSTTT,NA,NA,0.32283,25,NA,NA,NA,NA
V6,PVYYFAARALPQRRQPQSTTT,NA,NA,0.15496,12,NA,NA,NA,NA
V6,PVYYFAARALPQRSAAAVNNDI,NA,NA,0.19370,15,NA,NA,NA,NA
V6,PVYYFAARALPRAAVNNDI,NA,NA,0.78771,61,NA,NA,0.09057,6
V6,PVYYFAARALPRSRSQQRH,NA,NA,3.33161,258,NA,NA,NA,NA
V6,PVYYFAARALQPQSTTT,NA,NA,0.19370,15,NA,NA,NA,NA
V6,PVYYFAARALTPAAVNNDI,NA,NA,0.10331,8,NA,NA,NA,NA
V6,PVYYFAARALTPEPQSTTT,NA,NA,0.21952,17,NA,NA,NA,NA
V6,PVYYFAARALTPSRSQQRH,NA,NA,3.39618,263,NA,NA,NA,NA
V6,PVYYFAARAPADI,NA,NA,0.71023,55,NA,NA,0.54340,36
V6,PVYYFAARAPCSRSQQRH,NA,NA,0.40031,31,NA,NA,NA,NA
V6,PVYYFAARAQAPAAVNNDI,NA,NA,NA,NA,NA,NA,0.07547,5
V6,PVYYFAARAQLPAAVNNDI,NA,NA,2.80217,217,NA,NA,3.38113,224
V6,PVYYFAARAQLPAGAAVNNDI,NA,NA,NA,NA,NA,NA,0.13585,9
V6,PVYYFAARAQLPAVAAVNNDI,NA,NA,0.24535,19,NA,NA,0.37736,25
V6,PVYYFAARAQPGAAVNNDI,NA,NA,NA,NA,NA,NA,0.13585,9
V6,PVYYFAARAQPPAAANI,NA,NA,0.34866,27,NA,NA,0.18113,12
V6,PVYYFAARAQPPAAVNNDI,NA,NA,19.07283,1477,NA,NA,12.03019,797
V6,PVYYFAARAQPPAPVNNDI,NA,NA,NA,NA,NA,NA,0.10566,7
V6,PVYYFAARAQPPARVDI,NA,NA,0.28409,22,NA,NA,0.66415,44
V6,PVYYFAARAQPQPQSTTT,NA,NA,1.07180,83,NA,NA,NA,NA
V6,PVYYFAARARAGAAVNNDI,NA,NA,1.91116,148,NA,NA,2.17358,144
V6,PVYYFAARARAGAAVPAAADDI,NA,NA,0.92975,72,NA,NA,0.55849,37
V6,PVYYFAARARAGAAVPAAVNNDI,NA,NA,NA,NA,NA,NA,0.16604,11
V6,PVYYFAARARAGADI,NA,NA,NA,NA,NA,NA,0.07547,5
V6,PVYYFAARARPPAAVNNDI,NA,NA,NA,NA,NA,NA,0.16604,11
V6,PVYYFAARARPPAPANNDI,NA,NA,NA,NA,NA,NA,0.13585,9
V6,PVYYFAARARPPAPVNNDI,NA,NA,0.14205,11,NA,NA,0.19623,13
V6,PVYYFAARARTPSRSQQRH,NA,NA,0.07748,6,NA,NA,NA,NA
V6,PVYYFAARAVPPAAVNNDI,NA,NA,NA,NA,NA,NA,0.09057,6
V6,PVYYFAARAVPPARVDI,NA,NA,0.51653,40,NA,NA,1.47925,98
V6,PVYYFASPRAPSRSHTT,NA,NA,0.10331,8,NA,NA,NA,NA
V6,PVYYFASPSPEPT,NA,NA,0.09039,7,NA,NA,NA,NA
V6,PVYYFASPSPGSRSHTT,NA,NA,0.33574,26,NA,NA,NA,NA
V7,YGGTNKKNDAAPGTKWKAEYCGYY,10.775814,7656,NA,NA,13.59283,667,0.13252,5
V7,YGGTNKKNDAAPAAPGTKWKAEYCGYY,9.931314,7056,NA,NA,10.00611,491,NA,NA
V7,YGGTNKKNDAAPAAPATKWKAEYCGYY,8.870060,6302,NA,NA,9.84308,483,NA,NA
V7,YGGTNKQAAAAAPAPGTKWKAEYCGYY,7.821473,5557,NA,NA,7.66252,376,NA,NA
V7,YGGTNKKATPPAPGTKWKAEYCGYY,7.666648,5447,NA,NA,7.37722,362,NA,NA
V7,YGGTNKKNDAAPATKWKAEYCGYY,5.272492,3746,NA,NA,6.99001,343,0.71561,27
V7,YGGTNKKATPPAAPAAPGTKWKAEYCGYY,4.724975,3357,NA,NA,3.56633,175,NA,NA
V7,YGGTNKKATPPAAAVPGTKWKAEYCGYY,3.783358,2688,NA,NA,3.34216,164,NA,NA
V7,YGGTNKQAAAAAPAPATKWKAEYCGYY,3.575048,2540,NA,NA,4.01467,197,NA,NA
V7,YGGTNKKATPPAAPAAPATKWKAEYCGYY,2.965601,2107,NA,NA,2.16018,106,NA,NA
V7,YGGTNKKNDAAPAPATKWKAEYCGYY,2.329411,1655,NA,NA,2.42511,119,NA,NA
V7,YGGTNKKNDPAPGTKWKAEYCGYY,2.275926,1617,NA,NA,2.54738,125,NA,NA
V7,YGGTNKKATPPAAAVPATKWKAEYCGYY,2.209774,1570,NA,NA,2.01753,99,NA,NA
V7,YGGTNKKATPPAPATKWKAEYCGYY,2.071839,1472,NA,NA,1.73222,85,NA,NA
V7,YGGTNKKNDAAPAPGTKWSKEYCGYY,1.462392,1039,NA,NA,1.91563,94,NA,NA
V7,YGGTNKKNDAAPGAVPGTKWKAEYCGYY,1.358237,965,NA,NA,1.71184,84,NA,NA
V7,YGGTNKKNDAAPGAVPGAVPGAVPGAAALTKWKAEYCGYY,1.289269,916,0.65857,51,0.83554,41,0.47707,18
V7,YGGTNKKNDAAPAAVPGTKWKAEYCGYY,1.235784,878,NA,NA,1.30426,64,NA,NA
V7,YGGTNKQAAAAAPAALTKWKAGYCGYY,1.203412,855,NA,NA,1.10047,54,NA,NA
V7,YGGTNKKATPPAAPATKWKAEYCGYY,0.993694,706,NA,NA,0.81516,40,NA,NA
V7,YGGTNKKATPPAAPAAPTKWKAEYCGYY,0.914874,650,0.77479,60,0.87630,43,0.76862,29
V7,YGGTNKKNDAALTKWKAEYCGYY,0.838869,596,NA,NA,1.12085,55,NA,NA
V7,YGGTNKKATPPAAPAALTKWKAEYCGYY,0.827610,588,NA,NA,0.57061,28,NA,NA
V7,YCGTNKKNDAAPATKWKAEYCGYY,0.813535,578,NA,NA,0.85592,42,NA,NA
V7,YGGTNKKNDAAAAPAPGTKWKAEYCGYY,0.761457,541,NA,NA,0.67251,33,NA,NA
V7,YGGTNKKNDAAPGAVPGAVPGAVPGAAALTKWKAGYCGYY,0.724862,515,0.80062,62,0.30569,15,0.45057,17
V7,YGGTNKQAAAVPGVVPGAVPALTKWKAEYCGYY,0.715010,508,0.30992,24,0.50948,25,0.23854,9
V7,YGGTNKKNDAAPAAPGTKWKAGYCGYY,0.709380,504,NA,NA,0.89668,44,NA,NA
V7,YGGTNKKATPPAAAVPGVVPGAVPALTKWEAEYCGYY,0.585520,416,NA,NA,0.22417,11,NA,NA
V7,YGGTNKKNDAAPGAAPAPGTKWKAEYCGYY,0.544702,387,NA,NA,0.69289,34,NA,NA
V7,YGGTNKKATPPAAPAALTKWKAGYCGYY,0.516552,367,NA,NA,0.22417,11,NA,NA
V7,YGGTNKKAAPAAPGTKWKAEYCGYY,0.481365,342,NA,NA,0.69289,34,NA,NA
V7,YGGTNKKAAAPGTKWKAEYCGYY,0.467290,332,NA,NA,0.48910,24,NA,NA
V7,YGGTNKKNDAAPAAPGTKWSKEYCGYY,0.467290,332,NA,NA,0.55023,27,NA,NA
V7,YGGTNKKAAAAAPAPAAPGTKWKAEYCGYY,0.446177,317,NA,NA,0.48910,24,NA,NA
V7,YGGTNKKNDAAAPAPGTKWKAEYCGYY,0.432102,307,NA,NA,0.44834,22,NA,NA
V7,YGGTNKKNDAAPGAVPGAVPGAVPGAPATKWKAGYCGYY,0.415212,295,NA,NA,0.10190,5,NA,NA
V7,YGGTNKKATPPAAPGAVPGAVPGAVPGAAALTKWKAEYCGYY,0.409582,291,NA,NA,0.22417,11,NA,NA
V7,YGGTNKKATPPAAPGTKWSKEYCGYY,0.354690,252,NA,NA,0.36682,18,NA,NA
V7,YGGTNKQAAPAAPATKWKAEYCGYY,0.313872,223,NA,NA,0.46872,23,NA,NA
V7,YGGTNKKNDAAPGAVPGAVPAAVPGTKWKAEYCGYY,0.304020,216,NA,NA,0.14265,7,NA,NA
V7,YGGTNKKNDAAPAAPTKWKAEYCGYY,0.278685,198,0.67149,52,0.26493,13,0.60959,23
V7,YGGTNKQAAAALTKWKAEYCGYY,0.267425,190,NA,NA,0.59099,29,NA,NA
V7,YGGTNKKAAPAAALTKWKAEYCGYY,0.256165,182,NA,NA,0.26493,13,NA,NA
V7,YGGTNKKAAAAAPAPGTKWKAEYCGYY,0.216755,154,0.27118,21,0.16303,8,0.31805,12
V7,YGGTNKKNDAAPAAAPAPGTKWKAEYCGYY,0.197050,140,NA,NA,0.24455,12,NA,NA
V7,YGGTNKKATPPAAPGAVPGTKWKAEYCGYY,0.182975,130,NA,NA,0.10190,5,NA,NA
V7,YGGTNKKAAAPAAPATKWKAEYCGYY,0.177345,126,NA,NA,0.16303,8,NA,NA
V7,YGGTNKQAAAAAPAPALTKWEAEYCGYY,0.167492,119,NA,NA,0.12227,6,NA,NA
V7,YGGTNKKNDAAAPAPGTKWSKEYCGYY,0.159047,113,NA,NA,0.10190,5,NA,NA
V7,YGGTNKKATPPAAPAAPGAVPGAVPGAVPGAAALTKWKAEYCGYY,0.142157,101,NA,NA,NA,NA,NA,NA
V7,YGGTNKKAAAAVPGTKWKAEYCGYY,0.140750,100,NA,NA,0.14265,7,NA,NA
V7,YGGTNKKNDAAPAPATKWSKEYCGYY,0.132305,94,NA,NA,0.18341,9,NA,NA
V7,YGGTNKQAAAAAPAAAVPGTKWKAEYCGYY,0.129490,92,NA,NA,NA,NA,NA,NA
V7,YGGTNKQAAPAAPGTKWKAEYCGYY,0.128082,91,NA,NA,NA,NA,NA,NA
V7,YGGTNKKNDAAPGAVPGTKWKAGYCGYY,0.123860,88,NA,NA,0.34644,17,NA,NA
V7,YGGTNKKNDAAPGTKWSKEYCGYY,0.119637,85,NA,NA,0.28531,14,0.23854,9
V7,YGGTNKKNDAAAAPAPATKWKAEYCGYY,0.101340,72,NA,NA,0.22417,11,NA,NA
V7,YGGTNKKNDAAPGAVPGAVPGAVPGAAAAPAPGTKWKAEYCGYY,0.095710,68,NA,NA,NA,NA,NA,NA
V7,YGGTNKKNDAAPGAVPATKWKAEYCGYY,0.094302,67,17.83316,1381,0.12227,6,20.62020,778
V7,YGGTNKKNDAAPAAPGAVPGAAALTKWKAGYCGYY,0.090080,64,NA,NA,0.12227,6,NA,NA
V7,YGGTNKKNDAAPGAVPGAVPGAVPGAAPATKWKAEYCGYY,0.088672,63,NA,NA,NA,NA,NA,NA
V7,YGGTNKQAAAVPGVVPATKWKAEYCGYY,0.087265,62,NA,NA,0.16303,8,NA,NA
V7,YGGTNKQAAAAPAALTKWKAGYCGYY,0.083042,59,NA,NA,NA,NA,NA,NA
V7,YGGTNKKNDAAPGAAPAPATKWKAEYCGYY,0.080227,57,NA,NA,NA,NA,NA,NA
V7,YGGTNKKATPPAAPGAVPGAVPGAVPGTKWKAEYCGYY,0.077412,55,NA,NA,NA,NA,NA,NA
V7,YGGTNKKKRCCSCCSSWYEVEGRILWVL,0.077412,55,NA,NA,NA,NA,NA,NA
V7,YGGTNKKNDAAAAPAPALTKWEAEYCGYY,0.064745,46,NA,NA,NA,NA,NA,NA
V7,YGGTNKQAAAAAPAAPATKWKAEYCGYY,0.064745,46,NA,NA,0.10190,5,NA,NA
V7,YGGTNKKATPLLLLLLLLRSGRQNIVGI,0.060522,43,NA,NA,NA,NA,NA,NA
V7,YGGTNKKNDAAPAVPGTKWKAEYCGYY,0.060522,43,NA,NA,NA,NA,NA,NA
V7,YGGTNKKATPLLLLLLLVRSGRQNIVGI,0.059115,42,NA,NA,NA,NA,NA,NA
V7,YGGTNKKNDAAPGTKWKAGYCGYY,0.059115,42,NA,NA,NA,NA,NA,NA
V7,YGGTNKQAAAAVPATKWKAEYCGYY,0.057707,41,NA,NA,0.12227,6,NA,NA
V7,YGGTNKQAAAPAAPATKWKAEYCGYY,0.056300,40,NA,NA,0.12227,6,NA,NA
V7,YGGTNKKTMLLPALLLVRSGRQNIVGI,0.054892,39,NA,NA,NA,NA,NA,NA
V7,YGGTNKQGHAPCPCSWYEVEGRILWVL,0.053485,38,NA,NA,NA,NA,NA,NA
V7,YGGTNKQAAAAAPAPGAAALTKWKAGYCGYY,0.052077,37,NA,NA,NA,NA,NA,NA
V7,YGGTNKKNDAAAPGTKWKAEYCGYY,0.050670,36,NA,NA,NA,NA,NA,NA
V7,YGGTNKQAAAAAPAPGAVPGAVPGAVPGAAALTKWKAEYCGYY,0.047855,34,NA,NA,NA,NA,NA,NA
V7,YGGTNKKATPPAAAVPGAAALTKWKAEYCGYY,0.045040,32,NA,NA,NA,NA,NA,NA
V7,YGGTNKKNDAAAAPVPPAAAVPGTKWKAEYCGYY,0.045040,32,NA,NA,NA,NA,NA,NA
V7,YGGTNKKNDAAPAAPGYEVEGRILWVL,0.045040,32,NA,NA,NA,NA,NA,NA
V7,YGGTNKKTMPAPAAPGTKWKAEYCGYY,0.043632,31,NA,NA,NA,NA,NA,NA
V7,YGGTNKKATPPAAPGTKWKAEYCGYY,0.040817,29,NA,NA,NA,NA,NA,NA
V7,YGGTNKQAPAAAPAPATKWKAEYCGYY,0.040817,29,NA,NA,0.16303,8,NA,NA
V7,YGGTNKKTMLLLLLLVRSGRQNIVGI,0.039410,28,NA,NA,NA,NA,NA,NA
V7,YGGTNKKNDAALTKWKAGYCGYY,0.038002,27,NA,NA,NA,NA,NA,NA
V7,YGGTNKKNDAAPGYEVEGRILWVL,0.038002,27,NA,NA,NA,NA,NA,NA
V7,YGGTNKKAAAAAPAPATKWKAEYCGYY,0.036595,26,0.25826,20,NA,NA,0.37106,14
V7,YGGTNKKNDAAAPAPGTKWKAGYCGYY,0.033780,24,NA,NA,NA,NA,NA,NA
V7,YGGTNKKNDAAPAAPVRSGRQNIVGI,0.033780,24,NA,NA,NA,NA,NA,NA
V7,YGGTNKKNDAAPGAVPGAAALTKWKAEYCGYY,0.033780,24,NA,NA,NA,NA,0.76862,29
V7,YGGTNKKS*CCSPCSWLRSGRQNIVGI,0.033780,24,NA,NA,NA,NA,NA,NA
V7,YGGTNKKTHCPAAPGTKWKAEYCGYY,0.033780,24,NA,NA,NA,NA,NA,NA
V7,YGGTNKKNDAAPAAVLVRSGRQNIVGI,0.032372,23,NA,NA,NA,NA,NA,NA
V7,YGGTNKKNDAAPVQFLASCAVPVLLLTKWKAEYCGYY,0.032372,23,NA,NA,NA,NA,NA,NA
V7,YGGTNKQTAAPAAPGTKWKAEYCGYY,0.032372,23,NA,NA,NA,NA,NA,NA
V7,YGGTNKQAAAAAPVPPAAAVPGTKWKAEYCGYY,0.030965,22,NA,NA,NA,NA,NA,NA
V7,YGGTNKKATPPATKWKAEYCGYY,0.029557,21,NA,NA,NA,NA,NA,NA
V7,YGGTNKKNDAAPGAVPGTKWSKEYCGYY,0.029557,21,NA,NA,NA,NA,NA,NA
V7,YGGTNKKNDAAPAAPGSPGGYEVEGRILWVL,0.028150,20,NA,NA,NA,NA,NA,NA
V7,YGGTNKKNDAAPGCSPATKWKAEYCGYY,0.028150,20,NA,NA,NA,NA,NA,NA
V7,YGGTNKKRHDALLLVRSGRQNIVGI,0.026742,19,NA,NA,NA,NA,NA,NA
V7,YGGTNKKNDAAAVPGTKWKAEYCGYY,0.025335,18,NA,NA,NA,NA,NA,NA
V7,YGGTNKKRPRPCCCSSWYEVEGRILWVL,0.025335,18,NA,NA,NA,NA,NA,NA
V7,YGGTNKQTLLLQPCSCYEVEGRILWVL,0.025335,18,NA,NA,NA,NA,NA,NA
V7,YGGTNKRPRPLLLLLLLVRSGRQNIVGI,0.025335,18,NA,NA,NA,NA,NA,NA
V7,YGGTNKKARCPAPGTKWKAEYCGYY,0.022520,16,NA,NA,NA,NA,NA,NA
V7,YGGTNKKNDAAACPAPGTKWKAEYCGYY,0.022520,16,NA,NA,NA,NA,NA,NA
V7,YGGTNKQTLLLLHALLLVRSGRQNIVGI,0.022520,16,NA,NA,NA,NA,NA,NA
V7,YGGTNKKARPCCSWCSPGRSLVQSWYEVEGRILWVL,0.021112,15,NA,NA,NA,NA,NA,NA
V7,YGGTNKKARSLLLVRSGRQNIVGI,0.021112,15,NA,NA,NA,NA,NA,NA
V7,YGGTNKKATPPAAAVLLRSGRQNIVGI,0.021112,15,NA,NA,NA,NA,NA,NA
V7,YGGTNKKKAAAAAPAPGTKWKAEYCGYY,0.021112,15,NA,NA,NA,NA,NA,NA
V7,YGGTNKKRPRPCCCSSWLRSGRQNIVGI,0.021112,15,NA,NA,NA,NA,NA,NA
V7,YGGTNKQAAAAPCSWYEVEGRILWVL,0.021112,15,NA,NA,NA,NA,NA,NA
V7,YGGTNKKAAAAALLLVRSGRQNIVGI,0.019705,14,NA,NA,NA,NA,NA,NA
V7,YGGTNKKNDAAPGAVLGSWCSPGGYEVEGRILWVL,0.019705,14,NA,NA,NA,NA,NA,NA
V7,YGGTNKKNDAPAAAVPATKWKAEYCGYY,0.019705,14,NA,NA,NA,NA,NA,NA
V7,YGGTNKQAAAAPAAPTKWKAEYCGYY,0.018297,13,NA,NA,NA,NA,NA,NA
V7,YGGTNKKNDAAPGSPGVLAVLGLRSGRQNIVGI,0.016890,12,NA,NA,NA,NA,NA,NA
V7,YGGTNKKNDAAPVQFLALCSSCAPATKWKAGILWVL,0.016890,12,NA,NA,NA,NA,NA,NA
V7,YGGTNKKRPRPCCCSSCYEVEGRILWVL,0.016890,12,NA,NA,NA,NA,NA,NA
V7,YGGTNKQAAAPGTKWKAEYCGYY,0.016890,12,NA,NA,NA,NA,NA,NA
V7,YGGTNKKAICPLLLLRSGRQNIVGI,0.015482,11,NA,NA,NA,NA,NA,NA
V7,YGGTNKKNDAAALLLVRSGRQNIVGI,0.015482,11,NA,NA,NA,NA,NA,NA
V7,YGGTNKKNDAAPVPLLLVRSGRQNIVGI,0.015482,11,NA,NA,NA,NA,NA,NA
V7,YGGTNKKTMLLLLLLYEVEGRILWVL,0.015482,11,NA,NA,NA,NA,NA,NA
V7,YGGTNKQSCCCSGTKWKAEYCGYY,0.015482,11,NA,NA,NA,NA,NA,NA
V7,YGGTNKRQALMLQSWYEVEGRILWVL,0.015482,11,NA,NA,NA,NA,NA,NA
V7,YGGTNKKATLPAPGTKWKAEYCGYY,0.014075,10,NA,NA,NA,NA,NA,NA
V7,YGGTNKKATPLLLLLLLRSGRQNIVGI,0.014075,10,NA,NA,NA,NA,NA,NA
V7,YGGTNKKGHAPAAPGTKWKAEYCGYY,0.014075,10,NA,NA,NA,NA,NA,NA
V7,YGGTNKKNDAAALSPAAAVLVRSGRQNIVGI,0.014075,10,NA,NA,NA,NA,NA,NA
V7,YGGTNKQTAAVPRRPVRSCSYEVEGRILWVL,0.014075,10,NA,NA,NA,NA,NA,NA
V7,YGGTNKKARHAAPAAPGTKWKAEYCGYY,0.012667,9,NA,NA,NA,NA,NA,NA
V7,YGGTNKKNDAAPAAPGTKWKAGILWVL,0.012667,9,NA,NA,NA,NA,NA,NA
V7,YGGTNKKNDAAPAAVPATKWKAEYCGYY,0.012667,9,NA,NA,NA,NA,NA,NA
V7,YGGTNKKNDACSCCSWYEVEGKEYCGYY,0.012667,9,NA,NA,NA,NA,NA,NA
V7,YGGTNKKTMLLLLLLCSSCAAAYEVEGRNIVGI,0.012667,9,NA,NA,NA,NA,NA,NA
V7,YGGTNKQAAAAPATKWKAEYCGYY,0.012667,9,NA,NA,NA,NA,NA,NA
V7,YGGTNKKADAAALLLVRSGRQNIVGI,0.011260,8,NA,NA,NA,NA,NA,NA
V7,YGGTNKKATPLLLLVRSGRQNIVGI,0.011260,8,NA,NA,NA,NA,NA,NA
V7,YGGTNKKGCCSPCSWYEVEGRILWVL,0.011260,8,NA,NA,NA,NA,NA,NA
V7,YGGTNKKNDAAAALLLLLRSGRQNIVGI,0.011260,8,NA,NA,NA,NA,NA,NA
V7,YGGTNKKS*CCSLLLLVRSGRQNIVGI,0.011260,8,NA,NA,NA,NA,NA,NA
V7,YGGTNKQAAAAAPAAPTKWKAEYCGYY,0.011260,8,NA,NA,NA,NA,NA,NA
V7,YGGTNKQAAAVPGVVPGAVPGAAALTKWKAEYCGYY,0.011260,8,NA,NA,NA,NA,NA,NA
V7,YGGTNKQALLLQPLLLATKWKAEYCGYY,0.011260,8,NA,NA,NA,NA,NA,NA
V7,YGGTNKKATLPAPGYEVEGRILWVL,0.009852,7,NA,NA,NA,NA,NA,NA
V7,YGGTNKKATPLLLQSWYEVEGRILWVL,0.009852,7,NA,NA,NA,NA,NA,NA
V7,YGGTNKQAPAAAALLLVRSGRQNIVGI,0.009852,7,NA,NA,NA,NA,NA,NA
V7,YGGTNKQTAAAPAPGTKWKAEYCGYY,0.009852,7,NA,NA,NA,NA,NA,NA
V7,YGGTNKKAMPLLLLHAPGYEVEGRILWVL,0.008445,6,NA,NA,NA,NA,NA,NA
V7,YGGTNKKNDAAACLLLLRSGRQNIVGI,0.008445,6,NA,NA,NA,NA,NA,NA
V7,YGGTNKKNDAAPAAPGTKWKARNIVGI,0.008445,6,NA,NA,NA,NA,NA,NA
V7,YGGTNKKSCCCSPCSWYEVEGRILWVL,0.008445,6,NA,NA,NA,NA,NA,NA
V7,YGGTNKRQTPLLLLLLLYEVEGRILWVL,0.008445,6,NA,NA,NA,NA,NA,NA
V7,YGGTNKKAAAAAPAPTKWKAEYCGYY,NA,NA,NA,NA,NA,NA,0.15902,6
V7,YGGTNKKAAGAVPATKWKAEYCGYY,NA,NA,NA,NA,NA,NA,0.13252,5
V7,YGGTNKKAAPAALTKWKAEYCGYY,NA,NA,NA,NA,NA,NA,0.26504,10
V7,YGGTNKKAAPAAPATKWKAEYCGYY,NA,NA,NA,NA,NA,NA,0.21203,8
V7,YGGTNKKAAPAAPTKWKAEYCGYY,NA,NA,4.08058,316,NA,NA,6.06944,229
V7,YGGTNKKAAPAPATKWKAEYCGYY,NA,NA,0.21952,17,NA,NA,0.39756,15
V7,YGGTNKKAAPATKWKAEYCGYY,NA,NA,0.61983,48,NA,NA,1.61675,61
V7,YGGTNKKAAPGAVPATKWKAEYCGYY,NA,NA,NA,NA,NA,NA,0.31805,12
V7,YGGTNKKAAPGCSPATKWKAEYCGYY,NA,NA,0.91684,71,NA,NA,NA,NA
V7,YGGTNKKATPPAAAVPGAVPATKWKAEYCGYY,NA,NA,0.07748,6,NA,NA,NA,NA
V7,YGGTNKKATPPAAPAAPGAVPATKWKAEYCGYY,NA,NA,NA,NA,NA,NA,0.13252,5
V7,YGGTNKKATPPAAPGAVPATKWKAEYCGYY,NA,NA,NA,NA,NA,NA,0.26504,10
V7,YGGTNKKKMLLLVQSWLLLYEVEGRILWVL,NA,NA,0.09039,7,NA,NA,NA,NA
V7,YGGTNKKNDAAPGAAALTKWKAEYCGYY,NA,NA,NA,NA,NA,NA,0.13252,5
V7,YGGTNKKNDAAPGAVPALTKWKAEYCGYY,NA,NA,NA,NA,NA,NA,0.31805,12
V7,YGGTNKKNDAAPGAVPALTKWKAGILWVL,NA,NA,0.21952,17,NA,NA,NA,NA
V7,YGGTNKKNDAAPGAVPATKWKAGYCGYY,NA,NA,NA,NA,NA,NA,0.45057,17
V7,YGGTNKKNDAAPGAVPATKWSKEYCGYY,NA,NA,NA,NA,NA,NA,0.23854,9
V7,YGGTNKKNDAAPGAVPGAAALTKWKAGYCGYY,NA,NA,4.00310,310,NA,NA,3.33952,126
V7,YGGTNKKNDAAPGAVPGAAATKWKAGYCGYY,NA,NA,0.07748,6,NA,NA,NA,NA
V7,YGGTNKKNDAAPGAVPGAPATKWKAEYCGYY,NA,NA,NA,NA,NA,NA,0.13252,5
V7,YGGTNKKNDAAPGAVPGATKWKAGYCGYY,NA,NA,0.41322,32,NA,NA,NA,NA
V7,YGGTNKKNDAAPTKWKAEYCGYY,NA,NA,NA,NA,NA,NA,0.55659,21
V7,YGGTNKKNDAAPVQFLLRSGRQNIVGI,NA,NA,0.33574,26,NA,NA,NA,NA
V7,YGGTNKKRCCSCAVPVLLLLRSGRQEYCGYY,NA,NA,0.10331,8,NA,NA,NA,NA
V7,YGGTNKKRCCSWCSSCYEVEGRILWVL,NA,NA,0.64566,50,NA,NA,NA,NA
V7,YGGTNKKRCCSWCSSWGYEVEGRILWVL,NA,NA,0.14205,11,NA,NA,NA,NA
V7,YGGTNKKTMLLLAAVLLRSGRQNIVGI,NA,NA,0.21952,17,NA,NA,NA,NA
V7,YGGTNKKTMLLLVQFLCCCLRSGRQEYCGYY,NA,NA,0.29700,23,NA,NA,NA,NA
V7,YGGTNKKTMLLLVQFLCCCSYEVEGRILWVL,NA,NA,0.11622,9,NA,NA,NA,NA
V7,YGGTNKKTMLLLVQFLCCCSYEVEGRNIVGI,NA,NA,0.80062,62,NA,NA,NA,NA
V7,YGGTNKKTMLLLVQFLCCSYEVEGRILWVL,NA,NA,0.45196,35,NA,NA,NA,NA
V7,YGGTNKKTMLLLVQFLGCSTKWKAGYCGYY,NA,NA,0.30992,24,NA,NA,NA,NA
V7,YGGTNKKTMLLLVQFLLRSGRQNIVGI,NA,NA,5.72056,443,NA,NA,NA,NA
V7,YGGTNKKTMLLLVQFLVLLLLRSGRQEYCGYY,NA,NA,0.27118,21,NA,NA,NA,NA
V7,YGGTNKKTMLLLVQVPAYEVEGRNIVGI,NA,NA,0.09039,7,NA,NA,NA,NA
V7,YGGTNKQAAAAPGAVPALTKWKAEYCGYY,NA,NA,0.10331,8,NA,NA,NA,NA
V7,YGGTNKQAAAVPATKWKAEYCGYY,NA,NA,NA,NA,NA,NA,0.21203,8
V7,YGGTNKQAAAVPGVVPGAVPATKWKAEYCGYY,NA,NA,NA,NA,NA,NA,0.53008,20
V7,YGGTNKQAAPAAPTKWKAEYCGYY,NA,NA,0.07748,6,NA,NA,0.95415,36
V7,YGGTNKQAAPATKWKAEYCGYY,NA,NA,0.76188,59,NA,NA,1.51073,57
V7,YGGTNKQAAPGAVPALTKWEAEYCGYY,NA,NA,NA,NA,NA,NA,0.23854,9
V7,YGGTNKQAAPGAVPALTKWKAEYCGYY,NA,NA,NA,NA,NA,NA,0.29155,11
V7,YGGTNKQAAPGAVPATKWKAEYCGYY,NA,NA,53.09917,4112,NA,NA,49.29764,1860
V7,YGGTNKQAAPGAVPATKWKAGYCGYY,NA,NA,NA,NA,NA,NA,0.68911,26
V7,YGGTNKQAAPGAVPATKWSKEYCGYY,NA,NA,NA,NA,NA,NA,0.31805,12
V7,YGGTNKQAAPGAVPGAAALTKWKAEYCGYY,NA,NA,0.68440,53,NA,NA,0.53008,20
V7,YGGTNKQAAPGAVPGAAALTKWKAGYCGYY,NA,NA,NA,NA,NA,NA,0.37106,14
V7,YGGTNKQAAPGAVPGAVPGAVPGAAALTKWKAEYCGYY,NA,NA,0.07748,6,NA,NA,0.39756,15
V7,YGGTNKQAAPGAVPGTKWSKEYCGYY,NA,NA,NA,NA,NA,NA,0.31805,12
V7,YGGTNKQAAPGSCYEVEGRILWVL,NA,NA,0.10331,8,NA,NA,NA,NA
V7,YGGTNKQAAPGTKWKAEYCGYY,NA,NA,1.62707,126,NA,NA,3.31301,125
V7,YGGTNKQAAPGTKWSKEYCGYY,NA,NA,NA,NA,NA,NA,0.42407,16
V7,YGGTNKQAAPVQFLLRSGRQNIVGI,NA,NA,0.94267,73,NA,NA,NA,NA
V7,YGGTNKQAGAVPATKWKAEYCGYY,NA,NA,NA,NA,NA,NA,0.15902,6
V7,YGGTNKQRCCSWCSSCYEVEGRILWVL,NA,NA,0.18079,14,NA,NA,NA,NA
V7,YGGTNKQTMLLLVQFWCCCYEVEGRILWVL,NA,NA,0.09039,7,NA,NA,NA,NA
V7,YGGTNKTMLLLVQFLCCCLRSGRQEYCGYY,NA,NA,0.15496,12,NA,NA,NA,NA
V7,YGGTNKTMLLLVQFLLRSGRQNIVGI,NA,NA,0.18079,14,NA,NA,NA,NA
V7,YGGTNKTMLLLVRSGRQNIVGI,NA,NA,0.11622,9,NA,NA,NA,NA
